名次,学校名称,所在地区,综合得分,星级排名,办学层次
1,北京大学,北京,100.00,8★,世界一流大学
2,清华大学,北京,98.78,8★,世界一流大学
3,复旦大学,上海,82.14,8★,世界一流大学
4,浙江大学,浙江,81.98,8★,世界一流大学
5,南京大学,江苏,81.43,8★,世界一流大学
6,上海交通大学,上海,81.34,8★,世界一流大学
7,华中科技大学,湖北,80.49,7★,世界知名高水平大学
8,中国科学技术大学,安徽,80.44,8★,世界一流大学
9,中国人民大学,北京,80.41,8★,世界一流大学
10,天津大学,天津,80.38,7★,世界知名高水平大学
10,武汉大学,湖北,80.38,7★,世界知名高水平大学
12,南开大学,天津,79.28,7★,世界知名高水平大学
13,山东大学,山东,79.19,7★,世界知名高水平大学
14,中山大学,广东,78.75,7★,世界知名高水平大学
15,西安交通大学,陕西,76.48,7★,世界知名高水平大学
16,哈尔滨工业大学,黑龙江,76.23,7★,世界知名高水平大学
17,东南大学,江苏,75.79,7★,世界知名高水平大学
18,四川大学,四川,75.73,7★,世界知名高水平大学
19,吉林大学,吉林,75.64,7★,世界知名高水平大学
20,同济大学,上海,75.33,7★,世界知名高水平大学
21,北京航空航天大学,北京,74.67,7★,世界知名高水平大学
22,北京师范大学,北京,74.28,7★,世界知名高水平大学
23,厦门大学,福建,73.76,7★,世界知名高水平大学
24,西北工业大学,陕西,73.52,6★,世界高水平大学
25,中南大学,湖南,73.50,7★,世界知名高水平大学
26,东北大学,辽宁,72.05,6★,世界高水平大学
27,大连理工大学,辽宁,72.02,6★,世界高水平大学
27,湖南大学,湖南,72.02,6★,世界高水平大学
29,华南理工大学,广东,71.99,6★,世界高水平大学
30,北京理工大学,北京,69.32,6★,世界高水平大学
31,兰州大学,甘肃,68.46,6★,世界高水平大学
32,华东师范大学,上海,68.29,6★,世界高水平大学
33,中国农业大学,北京,68.08,6★,世界高水平大学
34,电子科技大学,四川,67.57,6★,世界高水平大学
35,重庆大学,重庆,67.47,6★,世界高水平大学
36,华中农业大学,湖北,67.14,6★,世界高水平大学
37,河海大学,江苏,67.05,6★,世界高水平大学
38,南京农业大学,江苏,66.97,5★,中国一流大学
39,华中师范大学,湖北,66.91,5★,中国一流大学
40,郑州大学,河南,66.90,5★,中国一流大学
41,中国海洋大学,山东,66.85,6★,世界高水平大学
41,西安电子科技大学,陕西,66.85,5★,中国一流大学
43,北京科技大学,北京,66.80,5★,中国一流大学
43,南京理工大学,江苏,66.80,5★,中国一流大学
45,北京交通大学,北京,66.67,5★,中国一流大学
46,华东理工大学,上海,66.47,5★,中国一流大学
47,北京邮电大学,北京,66.42,6★,世界高水平大学
48,合肥工业大学,安徽,66.38,5★,中国一流大学
49,南昌大学,江西,66.32,5★,中国一流大学
50,北京协和医学院,北京,　,6★,世界高水平大学
50,南京航空航天大学,江苏,66.29,5★,中国一流大学
51,武汉理工大学,湖北,66.28,5★,中国一流大学
52,西南交通大学,四川,66.07,5★,中国一流大学
53,暨南大学,广东,66.03,5★,中国一流大学
54,西南大学,重庆,66.01,5★,中国一流大学
55,西北农林科技大学,陕西,65.93,5★,中国一流大学
56,东华大学,上海,65.87,5★,中国一流大学
57,西北大学,陕西,65.80,5★,中国一流大学
58,中南财经政法大学,湖北,65.56,6★,世界高水平大学
59,苏州大学,江苏,65.26,5★,中国一流大学
60,中国政法大学,北京,　,6★,世界高水平大学
60,北京化工大学,北京,65.17,5★,中国一流大学
61,昆明理工大学,云南,65.16,5★,中国一流大学
62,南京师范大学,江苏,65.12,5★,中国一流大学
63,上海财经大学,上海,65.04,6★,世界高水平大学
64,湖南师范大学,湖南,65.01,5★,中国一流大学
65,中国传媒大学,北京,　,6★,世界高水平大学
65,云南大学,云南,65.00,5★,中国一流大学
65,上海大学,上海,65.00,4★,中国高水平大学
67,哈尔滨工程大学,黑龙江,64.97,5★,中国一流大学
68,福州大学,福建,64.96,4★,中国高水平大学
69,河南大学,河南,64.95,4★,中国高水平大学
70,华南农业大学,广东,64.91,5★,中国一流大学
71,东北师范大学,吉林,64.90,5★,中国一流大学
71,北京工业大学,北京,64.90,4★,中国高水平大学
73,中国地质大学（武汉）,湖北,64.89,6★,世界高水平大学
73,华南师范大学,广东,64.89,5★,中国一流大学
75,宁波大学,浙江,64.88,4★,中国高水平大学
76,燕山大学,河北,64.87,5★,中国一流大学
76,中国石油大学（北京）,北京,64.87,5★,中国一流大学
78,太原理工大学,山西,64.86,5★,中国一流大学
79,上海理工大学,上海,64.85,4★,中国高水平大学
80,中国矿业大学,江苏,64.84,6★,世界高水平大学
80,陕西师范大学,陕西,64.84,5★,中国一流大学
80,江南大学,江苏,64.84,5★,中国一流大学
80,首都师范大学,北京,64.84,4★,中国高水平大学
84,浙江工业大学,浙江,64.83,4★,中国高水平大学
85,中国石油大学（华东）,山东,64.82,6★,世界高水平大学
85,北京中医药大学,北京,　,6★,世界高水平大学
86,浙江师范大学,浙江,64.81,4★,中国高水平大学
87,河北大学,河北,64.78,4★,中国高水平大学
88,对外经济贸易大学,北京,64.75,5★,中国一流大学
89,扬州大学,江苏,64.74,4★,中国高水平大学
90,北京外国语大学,北京,　,6★,世界高水平大学
90,江苏大学,江苏,64.73,4★,中国高水平大学
91,杭州电子科技大学,浙江,64.69,4★,中国高水平大学
91,辽宁大学,辽宁,64.69,4★,中国高水平大学
93,中央民族大学,北京,64.68,6★,世界高水平大学
94,山西大学,山西,64.67,4★,中国高水平大学
94,南京工业大学,江苏,64.67,4★,中国高水平大学
95,南方医科大学,广东,　,5★,中国一流大学
96,齐鲁工业大学,山东,64.66,4★,中国高水平大学
97,广东工业大学,广东,64.65,4★,中国高水平大学
98,河南科技大学,河南,64.64,4★,中国高水平大学
99,山东师范大学,山东,64.63,4★,中国高水平大学
100,河北工业大学,河北,64.62,4★,中国高水平大学
100,成都理工大学,四川,64.62,4★,中国高水平大学
100,武汉科技大学,湖北,64.62,4★,中国高水平大学
103,福建农林大学,福建,64.61,4★,中国高水平大学
103,天津师范大学,天津,64.61,4★,中国高水平大学
105,西南财经大学,四川,64.60,5★,中国一流大学
105,首都医科大学,北京,　,5★,中国一流大学
105,哈尔滨医科大学,黑龙江,　,5★,中国一流大学
106,福建师范大学,福建,64.59,4★,中国高水平大学
107,河南师范大学,河南,64.54,4★,中国高水平大学
107,深圳大学,广东,64.54,4★,中国高水平大学
109,江西师范大学,江西,64.45,4★,中国高水平大学
110,中央财经大学,北京,64.44,5★,中国一流大学
110,广东外语外贸大学,广东,　,4★,中国高水平大学
111,北京林业大学,北京,64.43,6★,世界高水平大学
112,东北财经大学,辽宁,64.38,5★,中国一流大学
113,长安大学,陕西,64.22,4★,中国高水平大学
114,江西财经大学,江西,64.08,5★,中国一流大学
115,上海中医药大学,上海,　,6★,世界高水平大学
115,南方科技大学,广东,64.07,5★,中国一流大学
115,西南政法大学,重庆,　,5★,中国一流大学
116,东北林业大学,黑龙江,64.06,4★,中国高水平大学
117,安徽大学,安徽,64.05,4★,中国高水平大学
118,黑龙江大学,黑龙江,64.04,4★,中国高水平大学
119,湘潭大学,湖南,64.03,4★,中国高水平大学
120,四川农业大学,四川,63.99,4★,中国高水平大学
121,上海师范大学,上海,63.95,4★,中国高水平大学
122,天津工业大学,天津,63.83,4★,中国高水平大学
123,东北农业大学,黑龙江,63.68,4★,中国高水平大学
124,湖南农业大学,湖南,63.61,3★,区域一流大学
125,上海外国语大学,上海,　,5★,中国一流大学
125,南京林业大学,江苏,63.49,4★,中国高水平大学
125,天津医科大学,天津,　,4★,中国高水平大学
126,山东农业大学,山东,63.45,4★,中国高水平大学
127,广西大学,广西,63.44,4★,中国高水平大学
128,广州大学,广东,63.36,3★,区域一流大学
129,中国地质大学（北京）,北京,63.33,4★,中国高水平大学
130,北京语言大学,北京,　,5★,中国一流大学
130,中国药科大学,江苏,　,5★,中国一流大学
130,华北电力大学,北京,63.27,4★,中国高水平大学
130,南京医科大学,江苏,　,4★,中国高水平大学
131,内蒙古大学,内蒙古,63.20,4★,中国高水平大学
132,新疆大学,新疆,63.18,5★,中国一流大学
132,南京邮电大学,江苏,63.18,4★,中国高水平大学
134,浙江工商大学,浙江,63.16,4★,中国高水平大学
135,安徽师范大学,安徽,63.15,4★,中国高水平大学
136,华侨大学,福建,63.13,3★,区域一流大学
137,山东科技大学,山东,63.12,3★,区域一流大学
138,西北师范大学,甘肃,63.09,4★,中国高水平大学
139,浙江理工大学,浙江,63.07,3★,区域一流大学
140,广西师范大学,广西,63.05,3★,区域一流大学
141,中国矿业大学（北京）,北京,63.04,4★,中国高水平大学
142,贵州大学,贵州,63.03,4★,中国高水平大学
142,大连海事大学,辽宁,63.03,4★,中国高水平大学
142,山东财经大学,山东,63.03,4★,中国高水平大学
145,长沙理工大学,湖南,63.01,4★,中国高水平大学
145,中国医科大学,辽宁,　,4★,中国高水平大学
146,中南民族大学,湖北,62.99,5★,中国一流大学
147,河南农业大学,河南,62.98,3★,区域一流大学
148,海南大学,海南,62.92,3★,区域一流大学
149,西安理工大学,陕西,62.91,3★,区域一流大学
150,北京体育大学,北京,　,6★,世界高水平大学
150,广州中医药大学,广东,　,5★,中国一流大学
150,湖北大学,湖北,62.90,3★,区域一流大学
151,长春理工大学,吉林,62.89,3★,区域一流大学
152,哈尔滨理工大学,黑龙江,62.86,3★,区域一流大学
153,杭州师范大学,浙江,62.85,3★,区域一流大学
154,东北电力大学,吉林,62.82,3★,区域一流大学
155,南京中医药大学,江苏,　,4★,中国高水平大学
155,云南师范大学,云南,62.81,3★,区域一流大学
156,西安建筑科技大学,陕西,62.78,4★,中国高水平大学
156,河北农业大学,河北,62.78,4★,中国高水平大学
158,汕头大学,广东,62.75,3★,区域一流大学
158,河南理工大学,河南,62.75,3★,区域一流大学
160,首都经济贸易大学,北京,62.73,4★,中国高水平大学
160,重庆医科大学,重庆,　,4★,中国高水平大学
161,哈尔滨师范大学,黑龙江,62.72,3★,区域一流大学
161,沈阳农业大学,辽宁,62.72,3★,区域一流大学
161,湖南科技大学,湖南,62.72,3★,区域一流大学
164,重庆邮电大学,重庆,62.71,3★,区域一流大学
165,南京信息工程大学,江苏,62.70,4★,中国高水平大学
166,兰州交通大学,甘肃,62.69,3★,区域一流大学
167,云南民族大学,云南,62.67,5★,中国一流大学
167,青岛大学,山东,62.67,3★,区域一流大学
169,兰州理工大学,甘肃,62.64,3★,区域一流大学
170,华东政法大学,上海,　,5★,中国一流大学
170,西南石油大学,四川,62.62,4★,中国高水平大学
170,温州医科大学,浙江,　,4★,中国高水平大学
171,河北师范大学,河北,62.61,3★,区域一流大学
172,辽宁工程技术大学,辽宁,62.58,3★,区域一流大学
173,石家庄铁道大学,河北,62.54,3★,区域一流大学
174,江西理工大学,江西,62.53,3★,区域一流大学
174,长江大学,湖北,62.53,3★,区域一流大学
175,成都中医药大学,四川,　,4★,中国高水平大学
176,江苏师范大学,江苏,62.52,3★,区域一流大学
177,四川师范大学,四川,62.51,3★,区域一流大学
178,陕西科技大学,陕西,62.45,3★,区域一流大学
179,大连大学,辽宁,62.44,3★,区域一流大学
180,上海海事大学,上海,62.42,4★,中国高水平大学
180,天津中医药大学,天津,　,4★,中国高水平大学
180,广州医科大学,广东,　,4★,中国高水平大学
181,辽宁师范大学,辽宁,62.41,3★,区域一流大学
181,沈阳工业大学,辽宁,62.41,3★,区域一流大学
183,东莞理工学院,广东,62.40,3★,区域一流大学
183,济南大学,山东,62.40,3★,区域一流大学
183,安徽农业大学,安徽,62.40,3★,区域一流大学
186,青岛科技大学,山东,62.39,3★,区域一流大学
187,天津理工大学,天津,62.38,3★,区域一流大学
188,上海海洋大学,上海,62.36,4★,中国高水平大学
188,中南林业科技大学,湖南,62.36,3★,区域一流大学
190,黑龙江中医药大学,黑龙江,　,5★,中国一流大学
190,天津科技大学,天津,62.35,3★,区域一流大学
190,大连医科大学,辽宁,　,3★,区域一流大学
191,浙江农林大学,浙江,62.33,3★,区域一流大学
192,武汉工程大学,湖北,62.32,3★,区域一流大学
192,桂林理工大学,广西,62.32,3★,区域一流大学
194,河南工业大学,河南,62.31,3★,区域一流大学
195,山西医科大学,山西,　,4★,中国高水平大学
195,重庆师范大学,重庆,62.30,3★,区域一流大学
196,天津财经大学,天津,62.29,4★,中国高水平大学
196,大连工业大学,辽宁,62.29,3★,区域一流大学
198,山西财经大学,山西,62.27,3★,区域一流大学
198,温州大学,浙江,62.27,3★,区域一流大学
200,中央美术学院,北京,　,6★,世界高水平大学
200,湖南工商大学,湖南,62.26,3★,区域一流大学
201,重庆交通大学,重庆,62.25,3★,区域一流大学
202,湖北工业大学,湖北,62.24,3★,区域一流大学
203,中北大学,山西,62.23,3★,区域一流大学
204,桂林电子科技大学,广西,62.22,3★,区域一流大学
204,三峡大学,湖北,62.22,3★,区域一流大学
206,南通大学,江苏,62.21,3★,区域一流大学
207,西南民族大学,四川,62.20,4★,中国高水平大学
207,曲阜师范大学,山东,62.20,2★,区域高水平大学
207,河北科技大学,河北,62.20,2★,区域高水平大学
207,集美大学,福建,62.20,2★,区域高水平大学
210,中央音乐学院,北京,　,6★,世界高水平大学
211,石河子大学,新疆,62.19,3★,区域一流大学
211,江西农业大学,江西,62.19,3★,区域一流大学
211,重庆理工大学,重庆,62.19,3★,区域一流大学
214,贵州师范大学,贵州,62.18,2★,区域高水平大学
215,浙江财经大学,浙江,62.17,3★,区域一流大学
216,吉林农业大学,吉林,62.16,3★,区域一流大学
216,西安科技大学,陕西,62.16,2★,区域高水平大学
218,东北石油大学,黑龙江,62.14,4★,中国高水平大学
218,广西民族大学,广西,62.14,4★,中国高水平大学
220,中国音乐学院,北京,　,6★,世界高水平大学
220,浙江中医药大学,浙江,　,4★,中国高水平大学
220,延边大学,吉林,62.11,3★,区域一流大学
220,中国计量大学,浙江,62.11,3★,区域一流大学
222,海南师范大学,海南,62.10,2★,区域高水平大学
223,沈阳建筑大学,辽宁,62.02,3★,区域一流大学
224,云南农业大学,云南,62.01,3★,区域一流大学
224,重庆工商大学,重庆,62.01,3★,区域一流大学
224,甘肃农业大学,甘肃,62.01,3★,区域一流大学
225,上海音乐学院,上海,　,5★,中国一流大学
225,湖南中医药大学,湖南,　,4★,中国高水平大学
227,内蒙古农业大学,内蒙古,61.98,3★,区域一流大学
227,南昌航空大学,江西,61.98,3★,区域一流大学
227,新疆师范大学,新疆,61.98,2★,区域高水平大学
230,中国美术学院,浙江,　,5★,中国一流大学
230,上海体育学院,上海,　,5★,中国一流大学
230,广东财经大学,广东,61.97,3★,区域一流大学
230,大连外国语大学,辽宁,　,3★,区域一流大学
230,广西医科大学,广西,　,3★,区域一流大学
230,青岛理工大学,山东,61.97,2★,区域高水平大学
232,云南财经大学,云南,61.95,3★,区域一流大学
232,台州学院,浙江,61.95,3★,区域一流大学
234,西南科技大学,四川,61.93,3★,区域一流大学
234,北京工商大学,北京,61.93,3★,区域一流大学
234,大连交通大学,辽宁,61.93,3★,区域一流大学
234,广东海洋大学,广东,61.93,3★,区域一流大学
238,西北民族大学,甘肃,61.91,4★,中国高水平大学
238,安徽工业大学,安徽,61.91,3★,区域一流大学
238,河北经贸大学,河北,61.91,3★,区域一流大学
238,辽宁科技大学,辽宁,61.91,2★,区域高水平大学
240,安徽医科大学,安徽,　,3★,区域一流大学
240,新疆医科大学,新疆,　,2★,区域高水平大学
242,哈尔滨商业大学,黑龙江,61.90,3★,区域一流大学
242,沈阳大学,辽宁,61.90,3★,区域一流大学
244,华东交通大学,江西,61.89,3★,区域一流大学
244,中国民航大学,天津,61.89,3★,区域一流大学
244,安徽建筑大学,安徽,61.89,3★,区域一流大学
245,沈阳药科大学,辽宁,　,4★,中国高水平大学
245,河北医科大学,河北,　,3★,区域一流大学
245,福建医科大学,福建,　,3★,区域一流大学
247,南华大学,湖南,61.88,3★,区域一流大学
247,山西农业大学,山西,61.88,3★,区域一流大学
247,武汉轻工大学,湖北,61.88,3★,区域一流大学
247,内蒙古师范大学,内蒙古,61.88,2★,区域高水平大学
250,南京艺术学院,江苏,　,4★,中国高水平大学
250,福建中医药大学,福建,　,3★,区域一流大学
251,新疆农业大学,新疆,61.87,3★,区域一流大学
251,景德镇陶瓷大学,江西,61.87,2★,区域高水平大学
253,山东理工大学,山东,61.86,3★,区域一流大学
253,烟台大学,山东,61.86,2★,区域高水平大学
255,江西中医药大学,江西,　,3★,区域一流大学
255,西安工程大学,陕西,61.85,2★,区域高水平大学
255,宁夏医科大学,宁夏,　,2★,区域高水平大学
256,宁夏大学,宁夏,61.84,3★,区域一流大学
257,安徽理工大学,安徽,61.81,2★,区域高水平大学
258,湖北文理学院,湖北,61.80,3★,区域一流大学
259,上海工程技术大学,上海,61.79,3★,区域一流大学
259,北华大学,吉林,61.79,2★,区域高水平大学
259,五邑大学,广东,61.79,2★,区域高水平大学
260,中国人民公安大学,北京,　,6★,世界高水平大学
260,天津外国语大学,天津,　,4★,中国高水平大学
260,辽宁中医药大学,辽宁,　,3★,区域一流大学
260,山东第一医科大学,山东,　,3★,区域一流大学
262,南京财经大学,江苏,61.76,3★,区域一流大学
263,山西师范大学,山西,61.75,2★,区域高水平大学
264,长春工业大学,吉林,61.73,2★,区域高水平大学
264,北京信息科技大学,北京,61.73,2★,区域高水平大学
266,大连海洋大学,辽宁,61.72,3★,区域一流大学
266,沈阳化工大学,辽宁,61.72,2★,区域高水平大学
268,武汉纺织大学,湖北,61.71,2★,区域高水平大学
269,青海大学,青海,61.70,3★,区域一流大学
270,北京建筑大学,北京,61.69,4★,中国高水平大学
270,西北政法大学,陕西,　,4★,中国高水平大学
270,浙江海洋大学,浙江,61.69,3★,区域一流大学
272,常州大学,江苏,61.68,3★,区域一流大学
273,天津职业技术师范大学,天津,61.67,2★,区域高水平大学
274,广东金融学院,广东,61.66,2★,区域高水平大学
275,中国刑事警察学院,辽宁,　,5★,中国一流大学
275,安徽财经大学,安徽,61.65,2★,区域高水平大学
275,聊城大学,山东,61.65,2★,区域高水平大学
277,成都大学,四川,61.64,3★,区域一流大学
278,沈阳航空航天大学,辽宁,61.63,3★,区域一流大学
278,河北工程大学,河北,61.63,2★,区域高水平大学
280,外交学院,北京,　,6★,世界高水平大学
280,中央戏剧学院,北京,　,6★,世界高水平大学
280,中国人民警察大学,河北,　,4★,中国高水平大学
280,西安石油大学,陕西,61.62,3★,区域一流大学
280,四川外国语大学,重庆,　,3★,区域一流大学
281,内蒙古科技大学,内蒙古,61.61,2★,区域高水平大学
282,青岛农业大学,山东,61.60,3★,区域一流大学
282,内蒙古工业大学,内蒙古,61.60,2★,区域高水平大学
282,东华理工大学,江西,61.60,2★,区域高水平大学
285,西安工业大学,陕西,61.58,2★,区域高水平大学
286,沈阳师范大学,辽宁,61.57,2★,区域高水平大学
286,江苏科技大学,江苏,61.57,2★,区域高水平大学
288,吉林财经大学,吉林,61.56,3★,区域一流大学
289,天津商业大学,天津,61.55,2★,区域高水平大学
290,北京电影学院,北京,　,6★,世界高水平大学
290,山东中医药大学,山东,　,3★,区域一流大学
290,河南中医药大学,河南,　,3★,区域一流大学
290,昆明医科大学,云南,　,3★,区域一流大学
290,南宁师范大学,广西,61.51,2★,区域高水平大学
291,山东建筑大学,山东,61.50,3★,区域一流大学
291,佛山科学技术学院,广东,61.50,2★,区域高水平大学
293,赣南师范大学,江西,61.48,2★,区域高水平大学
293,太原科技大学,山西,61.48,2★,区域高水平大学
295,北方工业大学,北京,61.46,2★,区域高水平大学
296,鲁东大学,山东,61.45,2★,区域高水平大学
296,西华大学,四川,61.45,2★,区域高水平大学
296,浙江科技学院,浙江,61.45,2★,区域高水平大学
299,西南林业大学,云南,61.44,3★,区域一流大学
299,西华师范大学,四川,61.44,2★,区域高水平大学
299,河南财经政法大学,河南,61.44,2★,区域高水平大学
299,成都信息工程大学,四川,61.44,2★,区域高水平大学
300,上海戏剧学院,上海,　,5★,中国一流大学
300,广州美术学院,广东,　,4★,中国高水平大学
300,广东药科大学,广东,　,3★,区域一流大学
303,吉林师范大学,吉林,61.43,2★,区域高水平大学
304,湖南工业大学,湖南,61.42,2★,区域高水平大学
305,吉首大学,湖南,61.41,2★,区域高水平大学
306,郑州轻工业大学,河南,61.37,2★,区域高水平大学
307,上海对外经贸大学,上海,61.36,3★,区域一流大学
307,南京审计大学,江苏,61.36,3★,区域一流大学
307,塔里木大学,新疆,61.36,2★,区域高水平大学
310,华北水利水电大学,河南,61.35,3★,区域一流大学
310,湖北中医药大学,湖北,　,3★,区域一流大学
310,青海民族大学,青海,61.35,2★,区域高水平大学
310,青海师范大学,青海,61.35,2★,区域高水平大学
313,贵州民族大学,贵州,61.33,3★,区域一流大学
313,上海电力大学,上海,61.33,2★,区域高水平大学
315,大连民族大学,辽宁,61.32,3★,区域一流大学
315,西藏大学,西藏,61.32,3★,区域一流大学
315,广东技术师范大学,广东,61.32,2★,区域高水平大学
318,北京服装学院,北京,61.30,2★,区域高水平大学
318,齐齐哈尔大学,黑龙江,61.30,2★,区域高水平大学
320,西安外国语大学,陕西,　,4★,中国高水平大学
320,天津城建大学,天津,61.29,3★,区域一流大学
320,湖南理工学院,湖南,61.29,2★,区域高水平大学
322,广东石油化工学院,广东,61.27,2★,区域高水平大学
323,新疆财经大学,新疆,61.26,3★,区域一流大学
323,贵州财经大学,贵州,61.26,2★,区域高水平大学
323,延安大学,陕西,61.26,2★,区域高水平大学
326,辽宁石油化工大学,辽宁,61.25,3★,区域一流大学
326,吉林化工学院,吉林,61.25,2★,区域高水平大学
328,渤海大学,辽宁,61.24,2★,区域高水平大学
328,佳木斯大学,黑龙江,61.24,2★,区域高水平大学
328,福建工程学院,福建,61.24,2★,区域高水平大学
328,韶关学院,广东,61.24,2★,区域高水平大学
330,沈阳体育学院,辽宁,　,4★,中国高水平大学
330,上海政法学院,上海,　,3★,区域一流大学
330,长春中医药大学,吉林,　,3★,区域一流大学
332,绍兴文理学院,浙江,61.23,3★,区域一流大学
333,西安邮电大学,陕西,61.22,3★,区域一流大学
333,信阳师范学院,河南,61.22,2★,区域高水平大学
333,中原工学院,河南,61.22,2★,区域高水平大学
333,上海立信会计金融学院,上海,61.22,2★,区域高水平大学
337,黑龙江科技大学,黑龙江,61.20,2★,区域高水平大学
338,仲恺农业工程学院,广东,61.18,2★,区域高水平大学
339,苏州科技大学,江苏,61.15,2★,区域高水平大学
340,甘肃政法大学,甘肃,　,3★,区域一流大学
340,广西中医药大学,广西,　,3★,区域一流大学
340,韩山师范学院,广东,61.14,2★,区域高水平大学
340,贵州医科大学,贵州,　,2★,区域高水平大学
341,北方民族大学,宁夏,61.13,2★,区域高水平大学
341,河南科技学院,河南,61.13,2★,区域高水平大学
341,肇庆学院,广东,61.13,2★,区域高水平大学
344,华北理工大学,河北,61.12,2★,区域高水平大学
344,合肥学院,安徽,61.12,2★,区域高水平大学
344,江汉大学,湖北,61.12,2★,区域高水平大学
344,长春大学,吉林,61.12,2★,区域高水平大学
344,上海应用技术大学,上海,61.12,2★,区域高水平大学
349,惠州学院,广东,61.10,2★,区域高水平大学
350,武汉体育学院,湖北,　,4★,中国高水平大学
350,北京第二外国语学院,北京,　,3★,区域一流大学
350,贵州中医药大学,贵州,　,3★,区域一流大学
350,陕西中医药大学,陕西,　,3★,区域一流大学
350,海南医学院,海南,　,2★,区域高水平大学
350,嘉兴学院,浙江,61.09,1★,区域知名大学
351,天津农学院,天津,61.08,3★,区域一流大学
351,深圳技术大学,广东,61.08,2★,区域高水平大学
351,淮北师范大学,安徽,61.08,1★,区域知名大学
354,黑龙江八一农垦大学,黑龙江,61.06,3★,区域一流大学
354,湖北经济学院,湖北,61.06,2★,区域高水平大学
354,嘉应学院,广东,61.06,2★,区域高水平大学
357,北京联合大学,北京,61.05,2★,区域高水平大学
357,广西科技大学,广西,61.05,2★,区域高水平大学
357,海南热带海洋学院,海南,61.05,2★,区域高水平大学
357,浙江万里学院,浙江,61.05,1★,区域知名大学
357,陕西理工大学,陕西,61.05,1★,区域知名大学
360,鲁迅美术学院,辽宁,　,4★,中国高水平大学
360,遵义医科大学,贵州,　,2★,区域高水平大学
360,徐州医科大学,江苏,　,2★,区域高水平大学
360,内蒙古医科大学,内蒙古,　,2★,区域高水平大学
362,宁波工程学院,浙江,61.04,1★,区域知名大学
363,江西科技师范大学,江西,61.03,2★,区域高水平大学
364,北京农学院,北京,61.02,3★,区域一流大学
364,北京印刷学院,北京,61.02,3★,区域一流大学
364,长春师范大学,吉林,61.02,2★,区域高水平大学
364,大理大学,云南,61.02,1★,区域知名大学
365,四川美术学院,重庆,　,4★,中国高水平大学
368,闽南师范大学,福建,61.01,2★,区域高水平大学
369,宁夏师范学院,宁夏,61.00,2★,区域高水平大学
369,广东第二师范学院,广东,61.00,2★,区域高水平大学
369,广西财经学院,广西,61.00,1★,区域知名大学
369,闽江学院,福建,61.00,1★,区域知名大学
369,南昌工程学院,江西,61.00,1★,区域知名大学
370,广西艺术学院,广西,　,3★,区域一流大学
374,沈阳理工大学,辽宁,60.99,2★,区域高水平大学
375,辽宁工业大学,辽宁,60.98,2★,区域高水平大学
376,西藏民族大学,西藏,60.97,2★,区域高水平大学
376,忻州师范学院,山西,60.97,1★,区域知名大学
378,临沂大学,山东,60.96,2★,区域高水平大学
379,北京石油化工学院,北京,60.95,2★,区域高水平大学
379,西安财经大学,陕西,60.95,2★,区域高水平大学
379,郑州航空工业管理学院,河南,60.95,1★,区域知名大学
379,上海第二工业大学,上海,60.95,1★,区域知名大学
380,中国戏曲学院,北京,　,5★,中国一流大学
380,西安美术学院,陕西,　,4★,中国高水平大学
380,天津音乐学院,天津,　,4★,中国高水平大学
380,广州体育学院,广东,　,3★,区域一流大学
380,广东警官学院,广东,　,3★,区域一流大学
380,中国青年政治学院,北京,　,3★,区域一流大学
380,锦州医科大学,辽宁,　,2★,区域高水平大学
383,北京物资学院,北京,60.94,1★,区域知名大学
383,上海电机学院,上海,60.94,1★,区域知名大学
385,沈阳音乐学院,辽宁,　,4★,中国高水平大学
385,天津体育学院,天津,　,4★,中国高水平大学
385,吉林建筑大学,吉林,60.93,3★,区域一流大学
385,黄冈师范学院,湖北,60.93,2★,区域高水平大学
385,衡阳师范学院,湖南,60.93,1★,区域知名大学
388,兰州财经大学,甘肃,60.92,3★,区域一流大学
388,广州航海学院,广东,60.92,2★,区域高水平大学
388,洛阳师范学院,河南,60.92,1★,区域知名大学
388,湖南文理学院,湖南,60.92,1★,区域知名大学
388,上海商学院,上海,60.92,1★,区域知名大学
388,山西大同大学,山西,60.92,1★,区域知名大学
390,星海音乐学院,广东,　,4★,中国高水平大学
390,安徽中医药大学,安徽,　,3★,区域一流大学
390,广东医科大学,广东,　,2★,区域高水平大学
394,南京工程学院,江苏,60.89,2★,区域高水平大学
394,岭南师范学院,广东,60.89,2★,区域高水平大学
395,西南医科大学,四川,　,3★,区域一流大学
396,厦门理工学院,福建,60.88,2★,区域高水平大学
396,安徽工程大学,安徽,60.88,2★,区域高水平大学
396,四川轻化工大学,四川,60.88,1★,区域知名大学
399,内蒙古民族大学,内蒙古,60.87,3★,区域一流大学
399,牡丹江师范学院,黑龙江,60.87,1★,区域知名大学
399,江苏海洋大学,江苏,60.87,1★,区域知名大学
400,首都体育学院,北京,　,4★,中国高水平大学
400,云南艺术学院,云南,　,3★,区域一流大学
400,江苏警官学院,江苏,　,3★,区域一流大学
400,河北中医学院,河北,　,3★,区域一流大学
402,湖州师范学院,浙江,60.86,1★,区域知名大学
402,重庆科技学院,重庆,60.86,1★,区域知名大学
402,昆明学院,云南,60.86,1★,区域知名大学
402,湖南工程学院,湖南,60.86,1★,区域知名大学
402,湖南城市学院,湖南,60.86,1★,区域知名大学
407,曲靖师范学院,云南,60.85,1★,区域知名大学
407,湖南科技学院,湖南,60.85,1★,区域知名大学
409,河北地质大学,河北,60.84,3★,区域一流大学
409,楚雄师范学院,云南,60.84,1★,区域知名大学
409,湖南第一师范学院,湖南,60.84,1★,区域知名大学
409,长沙学院,湖南,60.84,1★,区域知名大学
409,泉州师范学院,福建,60.84,1★,区域知名大学
409,邵阳学院,湖南,60.84,1★,区域知名大学
410,浙江外国语学院,浙江,　,3★,区域一流大学
410,云南中医药大学,云南,　,3★,区域一流大学
415,遵义师范学院,贵州,60.83,1★,区域知名大学
415,太原师范学院,山西,60.83,1★,区域知名大学
417,长春工程学院,吉林,60.82,1★,区域知名大学
418,玉溪师范学院,云南,60.80,1★,区域知名大学
418,贵州师范学院,贵州,60.80,1★,区域知名大学
420,国际关系学院,北京,　,4★,中国高水平大学
420,井冈山大学,江西,60.79,2★,区域高水平大学
420,内蒙古财经大学,内蒙古,60.79,2★,区域高水平大学
420,新乡医学院,河南,　,2★,区域高水平大学
420,滨州医学院,山东,　,2★,区域高水平大学
420,宝鸡文理学院,陕西,60.79,1★,区域知名大学
420,桂林医学院,广西,　,1★,区域知名大学
423,滁州学院,安徽,60.78,1★,区域知名大学
423,北部湾大学,广西,60.78,1★,区域知名大学
423,湖南财政经济学院,湖南,60.78,1★,区域知名大学
426,湖北师范大学,湖北,60.77,2★,区域高水平大学
426,玉林师范学院,广西,60.77,1★,区域知名大学
426,伊犁师范大学,新疆,60.77,1★,区域知名大学
426,怀化学院,湖南,60.77,1★,区域知名大学
430,湖北汽车工业学院,湖北,60.76,2★,区域高水平大学
430,浙江水利水电学院,浙江,60.76,1★,区域知名大学
430,湖南人文科技学院,湖南,60.76,1★,区域知名大学
433,中国民用航空飞行学院,四川,60.75,3★,区域一流大学
433,山东工商学院,山东,60.75,2★,区域高水平大学
433,湖南工学院,湖南,60.75,1★,区域知名大学
433,吉林工程技术师范学院,吉林,60.75,1★,区域知名大学
433,白城师范学院,吉林,60.75,1★,区域知名大学
438,梧州学院,广西,60.74,1★,区域知名大学
438,皖西学院,安徽,60.74,1★,区域知名大学
438,百色学院,广西,60.74,1★,区域知名大学
440,甘肃中医药大学,甘肃,　,3★,区域一流大学
440,承德医学院,河北,　,1★,区域知名大学
440,蚌埠医学院,安徽,　,1★,区域知名大学
440,沈阳医学院,辽宁,　,1★,区域知名大学
441,安庆师范大学,安徽,60.73,2★,区域高水平大学
442,喀什大学,新疆,60.72,1★,区域知名大学
442,红河学院,云南,60.72,1★,区域知名大学
442,晋中学院,山西,60.72,1★,区域知名大学
445,运城学院,山西,60.71,1★,区域知名大学
445,湘南学院,湖南,60.71,1★,区域知名大学
445,太原工业学院,山西,60.71,1★,区域知名大学
448,重庆文理学院,重庆,60.70,1★,区域知名大学
448,通化师范学院,吉林,60.70,1★,区域知名大学
448,贵阳学院,贵州,60.70,1★,区域知名大学
448,河池学院,广西,60.70,1★,区域知名大学
448,吉林工商学院,吉林,60.70,1★,区域知名大学
450,吉林体育学院,吉林,　,4★,中国高水平大学
450,云南警官学院,云南,　,3★,区域一流大学
450,吉林警察学院,吉林,　,3★,区域一流大学
450,天津美术学院,天津,　,3★,区域一流大学
450,右江民族医学院,广西,　,1★,区域知名大学
453,江苏理工学院,江苏,60.69,1★,区域知名大学
453,九江学院,江西,60.69,1★,区域知名大学
455,哈尔滨体育学院,黑龙江,　,3★,区域一流大学
455,吉林农业科技学院,吉林,60.68,2★,区域高水平大学
455,潍坊医学院,山东,　,2★,区域高水平大学
455,淮阴师范学院,江苏,60.68,1★,区域知名大学
455,盐城师范学院,江苏,60.68,1★,区域知名大学
455,凯里学院,贵州,60.68,1★,区域知名大学
455,黔南民族师范学院,贵州,60.68,1★,区域知名大学
455,太原学院,山西,60.68,1★,区域知名大学
460,北京舞蹈学院,北京,　,5★,中国一流大学
460,成都体育学院,四川,　,4★,中国高水平大学
460,湖北美术学院,湖北,　,3★,区域一流大学
461,昌吉学院,新疆,60.67,1★,区域知名大学
461,贺州学院,广西,60.67,1★,区域知名大学
461,长沙师范学院,湖南,60.67,1★,区域知名大学
464,衢州学院,浙江,60.66,1★,区域知名大学
464,长治学院,山西,60.66,1★,区域知名大学
465,河北体育学院,河北,　,4★,中国高水平大学
465,西安体育学院,陕西,　,3★,区域一流大学
465,山东工艺美术学院,山东,　,3★,区域一流大学
465,南京体育学院,江苏,　,3★,区域一流大学
466,洛阳理工学院,河南,60.65,1★,区域知名大学
466,铜仁学院,贵州,60.65,1★,区域知名大学
468,湖北工程学院,湖北,60.64,2★,区域高水平大学
469,长江师范学院,重庆,60.63,1★,区域知名大学
469,安阳师范学院,河南,60.63,1★,区域知名大学
469,吕梁学院,山西,60.63,1★,区域知名大学
470,山东体育学院,山东,　,3★,区域一流大学
470,浙江传媒学院,浙江,　,3★,区域一流大学
470,山西中医药大学,山西,　,3★,区域一流大学
472,湖北民族大学,湖北,60.62,2★,区域高水平大学
472,淮阴工学院,江苏,60.62,1★,区域知名大学
474,山东交通学院,山东,60.61,3★,区域一流大学
474,黑龙江工程学院,黑龙江,60.61,1★,区域知名大学
474,合肥师范学院,安徽,60.61,1★,区域知名大学
474,盐城工学院,江苏,60.61,1★,区域知名大学
478,文山学院,云南,60.60,1★,区域知名大学
479,河南牧业经济学院,河南,60.59,1★,区域知名大学
480,武汉音乐学院,湖北,　,4★,中国高水平大学
480,常州工学院,江苏,60.58,1★,区域知名大学
481,沈阳工程学院,辽宁,60.57,1★,区域知名大学
481,河北科技师范学院,河北,60.57,1★,区域知名大学
483,丽水学院,浙江,60.56,1★,区域知名大学
483,阜阳师范大学,安徽,60.56,1★,区域知名大学
483,南京晓庄学院,江苏,60.56,1★,区域知名大学
483,南阳师范学院,河南,60.56,1★,区域知名大学
483,保山学院,云南,60.56,1★,区域知名大学
483,六盘水师范学院,贵州,60.56,1★,区域知名大学
489,乐山师范学院,四川,60.55,1★,区域知名大学
489,重庆三峡学院,重庆,60.55,1★,区域知名大学
489,黄山学院,安徽,60.55,1★,区域知名大学
490,山东政法学院,山东,　,3★,区域一流大学
490,中国劳动关系学院,北京,　,2★,区域高水平大学
490,湖北医药学院,湖北,　,2★,区域高水平大学
490,皖南医学院,安徽,　,1★,区域知名大学
490,济宁医学院,山东,　,1★,区域知名大学
492,金陵科技学院,江苏,60.53,1★,区域知名大学
492,徐州工程学院,江苏,60.53,1★,区域知名大学
492,成都工业学院,四川,60.53,1★,区域知名大学
495,中华女子学院,北京,60.52,3★,区域一流大学
495,川北医学院,四川,　,2★,区域高水平大学
495,宜春学院,江西,60.52,1★,区域知名大学
495,齐齐哈尔医学院,黑龙江,　,1★,区域知名大学
495,成都医学院,四川,　,1★,区域知名大学
497,天水师范学院,甘肃,60.51,2★,区域高水平大学
497,湖北科技学院,湖北,60.51,1★,区域知名大学
497,南阳理工学院,河南,60.51,1★,区域知名大学
497,宜宾学院,四川,60.51,1★,区域知名大学
497,河北北方学院,河北,60.51,1★,区域知名大学
497,常熟理工学院,江苏,60.51,1★,区域知名大学
500,四川音乐学院,四川,　,4★,中国高水平大学
500,湖南女子学院,湖南,　,3★,区域一流大学
500,湖南警察学院,湖南,　,3★,区域一流大学
500,山东艺术学院,山东,　,3★,区域一流大学
500,福建警察学院,福建,　,3★,区域一流大学
500,中国消防救援学院,北京,　,2★,区域高水平大学
500,西安医学院,陕西,　,1★,区域知名大学
