时间,用户,星级,短评,支持数
2022-06-02 09:12:12,尖耳朵的小公举,三星,儿童剧扯上政治就是驴唇不对马嘴 两边都不讨好2022.6.1儿童节第一次去影院看哆啦A梦狠狠的失望了,7
2022-06-01 15:37:30,一條魚佔滿了河,三星,和舊版本比，大雄的人設被改編得討喜了一些，然而可惜，在這個故事裡，小夫、靜香、胖虎的高光時刻都太多了，存在感還是比他強，而舊版本的一些迷影元素也在改編中小時殆盡了。帕比在加冕儀式上的演講還是令人動容，也是因此，和其他劇場版不同，這一次的故事不僅僅是主角團五人組的勝利，而更是民智覺醒的勝利，“天賜我們自由”。,2
2022-05-29 14:34:36,二月鸟语,三星,致敬《星球大战》系列～,7
2022-05-30 16:09:58,JoeyLu陆柏宇,三星,还行吧，场面大节奏快,0
2022-05-28 14:47:29,练习曲,四星,每次看哆啦A梦都因为太过美好而想哭，有哆啦A梦陪着长大真是太好了！唯一需要吐槽的是小夫你穿着绿衣服开着绿坦克是怎么拍绿幕电影的啊hhhhh！,29
2022-06-01 18:06:20,freshtime,三星,儿童节带娃和老妈去看。娃中途百无聊赖，老妈睡得很香。即使是哆啦A梦的童年光环，也无法掩盖剧情的拖拉。结尾是进击的巨人既视感。,1
2022-05-28 15:56:30,中土剑圣塔里昂,四星,出木杉就开头结尾出场了，自由的主旨被渲染的过于肤浅，仿佛小孩子过家家喊喊口号，就能消灭独裁了。皮娜这个角色可有可无。哆啦A梦不该只有这个水平，幼稚了，打四星完全是看情怀。,23
2022-05-28 18:03:39,kiki204629,四星,每当大雄绝望的大哭，哆啦A梦就是他希望的光。小夫虽然有点怂，但他确是五人组里最有创造力想象力的，从天而降的反重力坦克去参加宇宙大战；静香洗澡这个梗是没办法改变了，但她也是五人组凝聚力的体现，女性视角的细微敏感鼓励着大家；胖虎这次太威风了，拳打脚踢一顿操作猛如虎，打的敌方战舰节节溃败；大雄啊，他最大的优点就是善良吧，这是个很宝贵的优点。五人组的主心骨就是哆啦A梦了，感谢蓝胖子陪伴他们我们成长！六一快乐鸭🦆,26
2022-06-01 23:20:50,葛攀,三星,这种时候去看一部背景带着自由，上街，老大哥看着你的哆啦A梦，也是有点恍惚的感觉。2022北京5月疫情电影院恢复后的第一场电影。,2
2022-05-31 23:43:16,有心人。,三星,——天赐我们自由——六一儿童节快乐,7
2022-05-29 23:50:13,蒋灿,四星,——天赐我们自由！——你们这帮用恐惧和虚伪来统治人民的独裁者，总有一天会受到群众的反抗！,27
2022-05-28 12:59:55,夏桑,四星,好久没进电影院了，包场的感觉真好。有原著打底，真是破船也有三根钉，有趣的部分全是藤子·F.不二雄的，改编部分实在毫无必要（你说你搞一个姐姐形象干啥，原作本来就有无性别的象征意味，隐喻最广泛的人被压迫），不如老老实实出个重制版。不过，幼时看只觉得有趣，现在看才发现左翼艺术家的笔法。这本质上还是一个走向gh与恢复dz角力的故事（这样得故事如今是越来越少见了），流亡总统和将军真是怎么看怎么眼熟。异星人依靠人类确立了天赐的权力，如今人类自己却身处两难的岔路口，看不到未来……,22
2022-05-28 19:00:34,拥桑,二星,巨失望，越来越大人话和现实化。用抖音全球式烂梗填充元宇宙，一顿花里花俏，本质就是《星球大战》，美国用《阿波罗》怀旧太空梦，用哆啦A梦做引，拍《星球大战》，《大人国与小人国》，巨人善良与小人狭隘，宇宙跳跃，宇宙飞船大战，反战，塞的满满当当给人们，最后用和解善良的友情结尾，哦！友情与善良的确是一切的解决。,5
2022-05-30 08:25:08,𝔹𝕒𝕒 𝔹𝕒𝕒 𝕊𝕠𝕟𝕘,三星,是天真的童话，是“恶意的”政治隐喻与预言：愤怒的人群、开上大街的坦克、不可一世又最终绝望地跪倒在人民面前的独裁者。哆啦A梦的超长篇里有不少篇目都有类似的面向孩童的经过简化处理后浅显直白且严肃深刻的命题说理，关于人、关于自然、关于政治。自己幼年能被这样的作品启蒙真是幸福，彼时“普世价值”还是正面概念，我也天真地以为事物总会前进前进再前进。,3
2022-05-30 21:26:58,道轍,四星,修了一些旧版不太合理的地方，但加了个重要人物和改动了一些故事线让漏洞更多了（扶额）；很多笑点改没了，包括那个加速药水，话痨狗竟然是梶裕贵配音但台词不够旧版好玩；连〈少年期〉也要删我的 TAT 不过新版特效做得真好（一人包场看完。,3
2022-05-28 20:42:42,超能力小苏,三星,虽然是去年的小学生的幼稚动画电影（后排的幼儿园小朋友都看得中途退场），但是看完字幕发现皮娜的配音是mayu就又觉得赚到了耶！,6
2022-05-28 16:06:01,Lord Voldemort,四星,一般，你知道主角肯定赢的没啥悬念，不过儿童题材能拍反毒菜的剧情也是挺难得的，加一星。,7
2022-05-28 10:09:21,可爱猫猫,五星,天赐我们自由,18
2022-05-28 13:10:46,Rabbitの胡萝卜,二星,技术大升级，动作场面确实有更大的进步了也。然后就是镜头也更讲究了，各种镜头语言的运用也刺激。但是自以为是的制作组把老版的特色全删没了，整了些不明所以的东西，自以为填了坑，其实搞得毫无逻辑，没有可看性，昏昏欲睡，模仿好莱坞大片爆米花模式，可是哆啦A梦是靠想象力与童真取胜的啊！,12
2022-05-22 08:28:17,ericxu,四星,其实也可以吧，前半段挺无聊但后半段我崩了❤️,3
2021-07-09 12:56:50,酒吞,三星,涉及医疗-抢救的部分能看，剩下的就……,179
2021-07-09 09:24:02,流浪野王,五星,看到快递老赵语音的时候哭了，张子枫问出问题的时候哭了，我玺躺在病床上我就忍不住哭了，最后我玺术前说话也哭了。为我玺演技越来越成熟感到骄傲，感谢为这场疫情付出的所有人！,1486
2021-07-06 19:32:54,emperorK,五星,让人相信是这个故事最不易的一点，这部片做到了。节奏情绪细节的把控都很好。大群像还能做出人物了不起。朱亚文的广州医生非常可爱，和李晨的上海医生莫名有cp感。易烊千玺张子枫real小年轻里掌握接力棒的种子选手。,627
2021-07-09 13:55:46,Jack,五星,太好看了，感动，张涵予袁泉朱亚文千玺都是演技派,597
2021-07-09 12:20:56,和解,四星,单已电影来讲不值四星，但满足了我对真实救治情节的好奇，多给一分有一个，捐赠奶奶遗体的小哥有点出戏；杨小羊前部分很可爱，后部分善良但不符合理性逻辑；张子枫恭献了全电影最人性一问；演员都没啥问题总体来说，中国机长2.0,73
2021-07-28 10:03:40,斯里兰卡豆腐脑,一星,拉回了疫情时期每天心情像坐过山车的日子，是回忆给我们的感动，不是电影。,60
2021-07-09 14:54:16,非主刘,四星,仿佛回到了那个最艰难的时候，没有刻意煽情，袁泉演技真的不错👍，她有一个单独的镜头拍的很漂亮。但有时感觉音乐多余，还有那俩护士让我很出戏，没搞明白为啥加这几秒，总体不错，值得一看。明年武汉樱花开的时候去看看。,74
2021-07-09 13:01:38,小透明,三星,几个重要转折点拍的不是很好,218
2021-07-09 09:38:52,瑜不可及,五星,张涵予老师演的太像了 每个动作。 朱亚文易洋千玺的可爱。方舱里放的火红的萨日朗直戳我心！这部电影值得,384
2021-07-09 02:50:22,慕子书,四星,南京首映，致敬所有人的付出。 张子枫未来可期，朱亚文依旧是我喜欢的痞帅！,69
2021-07-09 11:45:00,爆米花很甜,三星,故事太叙述的太平了，流水账一般。剪辑节奏把握的不是很好刚有些急救过程正情绪紧张的时候，突然就跳转到一个生活化的场景。唯一感染到我的是张子枫那一分钟的戏份，很有带入感。外卖员小夫妻的戏份虽然从头到尾贯穿，但是演员的演技表达的不够准确…,177
2021-07-10 09:05:55,lisamm,三星,20210709 万象影城（北京丽泽天街杜比影院） 专门来看了杜比影院版本。只能说，演技的差别真的是很明显。另外，这种类型的片子果然还是纪录片最感人，因为都是最真实的记录，相比之下，演技再高超的演员，都展现不了真实纪录片里当时的那种危急时刻和真情,126
2021-07-09 12:22:43,🥳,三星,哭了，感人仅仅因为故事本身是我们亲历过的，中间袁泉听小卖部老赵语音那段，袁泉演的好再加上当初听过这个故事，整个人哭崩了。当作为电影来说，剪辑、配乐、节奏都乱的要死，尤其欧豪跟周也……槽多无口。。。,148
2021-08-03 14:10:24,zυò笙活の強锗,二星,很好的题材。却是一部很一般的电影。每一个点都在告诉我，到时间了，该哭了，该感动了。,53
2021-07-11 08:10:28,樱桃小团子,四星,我是一名还没有毕业，正在医院实习的护理专业的学生，一开始我对自己的这份职业真的没有多少认同感，尤其是开始实习后，面对的都是形形色色的病人家属，每天都很累但看完这部电影，感觉到自己存在的意义，拼尽全力去救活病人的快乐。让我感受到护理存在的价值从开头到结尾，我一直在哭，很感谢这部电影，为我以后的能够坚守这分职业提供了希望 念想,60
2021-07-11 12:53:58,芙蕖,三星,比较一般，总的来说没有特别突出的亮点有纪录片一般的纪实手法但多个故事拼凑在一起，显得混乱每个故事不够深入，是一种群像的表现没有真正地升华，只是单纯地展示，故而缺少了能深刻地直抵人心的力量影片开头部分的医生取口罩为什么都是扯的，绳子都断了，不懂这样想表达什么？,163
2021-07-09 13:23:20,冻柠茶在逃柠檬,三星,其实还蛮好的，感觉有点回避了武汉疫情那时候的特别压抑折磨的气氛。印象比较深的时候文婷主任，坚强睿智勇敢。还有张院长爱人提出要把自己的遗体捐出去做医学解剖，很感人。,64
2021-07-09 07:40:52,爆炸小公举爱你,四星,多了不想说，我只能说中国医生很了不起。尤其是疫情期间第一线的医生，非常了不起。中国电影人还得努力。,98
2021-07-10 09:03:00,预备打工人,三星,不太会评价电影，影院里有人哭得稀里哗啦很正常，因为这是真实存在过的日子，确实挺感人的，但是有些地方就是莫名其妙的吧，不知道有没有删减过，有几条线更完美就好了。,67
2021-07-09 12:04:47,野夫丶,四星,这是一部很奇怪的电影，演员都带着口罩、穿着厚厚的防护服，你看不到所谓的演技，甚至剧情都是靠新闻推动的，但仍会感动于背后的伟大。看到最后，脑子里全是《武汉日夜》里医生送遗物时不断重复的那句对不起…,60
2021-07-09 08:40:04,美食加,五星,上海提前观影场。 两个多小时的电影，哭了半包纸，一些场景和细节（不论是单个角色的还是群像）很容易让经历过全民战疫的人共情。整体节奏较紧凑，基本没啥尿点。张涵予袁泉朱亚文易烊千玺欧豪都表现很棒 演技厉害。 感动！致敬所有医护人员和英雄城市的每一个人！,419
2021-07-09 12:59:32,廾匸,三星,算是个记录片吧 有些感情挺啰嗦的,65
2021-07-18 15:11:36,不散落之星ich,三星,沾了题材的光 看了个片段大杂烩😅,61
2021-07-18 12:42:48,千山我独行,三星,袁泉和朱亚文演的不错，张涵予演的院长为什么一定要带一点点方言的口音说话呢？院长夫人的线也没有什么必要吧😓电影没有一条完整的能串起来的角色线，特别是周也和欧豪，戏份又多又尴尬🚬饶了我吧,51
2021-07-06 21:27:41,失落学渣小螂君,五星,在尽可能真实的基础上，拍出了感动，全剧飙泪很多。张子枫的演技太扎实了，朱亚文这次角色很吸睛，欧豪那段故事后期过于煽情，让我先前哭完的情绪有些无处安放…,480
2021-07-09 13:56:35,等等我,四星,才开场十几分钟就泪流满面，总得来说前半场比后半场好看多了。另外老戏骨就是老戏骨，张涵予牛逼，开场二十多分钟我还在纳闷怎么没有看到他，直到院长不戴眼镜我才发现这不就是嘛，哈哈！里面的年轻演员真的还是要多多努力,59
2021-07-09 13:22:54,der意的笑,五星,这种影片煽情是避免不了的，但让我骄傲的是影片中的故事和人物都是现实生活中真正发生和存在的，除了结尾有点拖沓，整体是可以的，都是好演员，没有特别违和的面孔和演技，朱亚文和易烊千玺贡献了影片的笑点，人物的成长也很明显，欧豪这段后面有点分崩离析，以为他死了结果他还活着~,218
2021-07-09 12:59:32,Jackie,四星,港片的剪辑节奏，各种煽情套路。。。但我吃了，好看的。孩子的出生时候，和周边病人的不停死亡，强烈的对比，让我热泪盈眶，希望就在眼前。而且我们知道，我们赢了！最后我家子枫妹妹，一分钟的表演都做到极致。,68
2021-08-03 21:53:15,麦香鲨鱼,三星,题材感人 剧情一塌糊涂 我不理解,68
2021-10-16 23:03:24,不政常 Marco,一星,流水帐，电视剧水平。同期有很多纪录片的震撼和感人程度可完全超过此部电影。,18
2021-07-09 15:35:25,鲜肉兄,五星,没有一味地歌颂，而是用鲜血和疼痛撕扯着观众的心。我们看到，畏手畏脚不敢插管的年轻大夫惨遭斥责，因为治疗方法产生分歧院长拍案而起，在床位大战中挺身而出保护同事的女大夫吼叫着“我会救你，也会找你算账”，我知道这些是九牛一毛、沧海一粟，真实的抗疫会比剧情惨烈千倍万倍。最感动我的，是同意亲属遗体解剖的小哥哥，他用哭腔说“小时候生病时，爸爸妈妈都是把我送到爷爷奶奶那里”，因为经历相似，所以我瞬间泪崩。正如医生所言——“疫情总会过去，日子还要过下去” 。疫情不会摧毁我们，只要充满信念，中国人永远不会倒下。,227
2021-07-10 14:37:39,VILOVY,四星,哭是真的好哭，医护人员永远值得尊敬。一开始张涵予武汉话以及朱亚文的方言确实有点跳脱，周也欧豪这一对觉得也离老戏骨们有点差距。第一次觉得萨日朗这首歌这么好哭。袁泉真的是yyds ，演技永远真实自然。明星好多因为穿着防护服都没认出来。,48
2021-07-09 13:27:50,说句不好吃的,四星,电影节奏一开始有点快 但是整体看下来非常好看！！不强行煽情的主旋律电影！杨小羊医生太可爱啦～生在中国无比荣幸！！！,41
2021-08-03 16:01:41,夜行,三星,感动的不是电影 是现实本身,45
2021-07-09 12:45:39,吃胶片的考拉,四星,不愧是刘伟强，非常擅长调动观众情绪。大量手持摄影加快切，力求尽可能还原那个特殊的时期。没有过度浪漫主义，医务人员们都有自己的个性，朱亚文和袁泉的角色让人印象深刻，加上骂骂咧咧的张涵予，让人相信每个医护都是真实的鲜活的人物。作为灾难题材，初期的紧张感营造到位，然后越到后面泪点越多，建议备好纸巾。,26
2021-07-06 22:13:18,沂南,五星,感人至深，催人泪下。戳泪点的情节很多，印象最深的是子枫妹妹出场的几分钟，太好哭了！向医护人员致敬！主创团队真的很强,253
2021-07-08 00:20:47,小龙同学,五星,虽然已经预感了这会是一部不错的片子，但笔者在提前观看完《中国医生》的点映场次后依然觉得有意料之外的惊喜，除了感动还有感慨。不消说这自然又是一部命题宏大的影片，以小见大，用细节抓人、用角色的代入感打动人是让电影不流于形式的必然出路，《中国医生》在这方面做得更加成熟，刘伟强在节奏的把控上更加张弛有度了，悲痛和振奋，紧张与松弛，感动与苦中作乐等穿插得恰到好处，群像电影看起来行云流水，有记忆点但不拖沓。,310
2021-07-08 23:55:20,凤梨罐头,三星,中规中矩地拍了所有中国人都该看的故事，很难不落泪数次，张院长和陶医生最饱满立体，太喜欢张涵予演戏很诚恳的感觉了，朱亚文处理骄傲和挫败之间的差距感很好看。还有值得夸的是男女角色数量和性格表现相当，袁泉冯文娟为首的女医护人员 同样出彩，尤其歌颂了无名小护士很感动。所有明星基本都素颜加防护镜痕迹，还有冯绍峰张颂文张嘉倪我都没看到出镜的加盟，大家都挺棒的。第一次get易烊千玺，最快给我医生的感觉，表达也很有自己的性格。说两点不太喜欢的，一个是配乐没有层次感，像颁一项项感动中国时一次次响起音乐。二是金仔和妻子应该赋予更多能担得起那么多煽情笔墨的设定或者说人格高光点，欧豪在刘伟强的电影里一如既往的表现可圈可点这歌外卖员真的方言演啊会好很多。,22
2021-08-03 21:30:24,飛魚與鳥,三星,疫情大概是这代人一辈子回想都会让人鼻子酸的事情吧,21
2021-07-09 00:35:03,是阿喵呀,五星,全程泪目。谢谢你们。当时情况一定比电影更艰难。然后我和我老公看完就去填志愿把遗体捐了hhhh,199
2021-07-09 13:02:47,这是可以说的吗,五星,很好看，影片以小见大描绘了疫情初期那种混乱不安的局面，电影节奏把握的也很好，张涵予，袁泉两位演技绝了，展现出了中国医生的那种担当。特别喜欢易烊千玺饰演的杨小羊医生，俏皮可爱，和朱亚文的互动，缓解了影片中紧张的气氛。他从一位啥也不会的住院医慢慢成长起来了，成长线很明显，在他身上可以看出疫情时期医护人员真的很紧缺，很多人年轻医护都毅然决然地踏上战场，在抗疫中慢慢成长起来。在这场无声的战争中，中国医护了不起，中国了不起🇨🇳🇨🇳🇨🇳,163
2021-07-06 18:23:51,天坛门口卖豆汁,五星,"电影中最让我印象深刻的两个场景，一个是文婷听着老赵的语音，流着泪吃完晚饭（我必须感叹一下袁泉太厉害了），另一个是院长通过手机，深情地呼唤着自己的妻子。死别与生离，在疫情期间日复一日地这样上演着。谢谢你们为我们拼过命，让这样的日子永远结束在去年春天。最后想问一下小羊医生，烧鹅好吃不？👀",135
2021-07-09 13:54:29,是以见放,四星,本来听说拍的很差带着吐槽的心去看的，没想到还是被感动哭了。应该是得益于群像设置得真不错，每个大人物、小人物都立住了。疫情中形形色色的大家，最令人感动，打赢这场仗，感谢每个人，珍惜每个人。,39
2021-08-03 21:47:37,七个救火的少年,三星,非常感人，确实很催泪，不过这点应该归功于这个题材，抗疫这件事它本身很感人 ，这部电影拍的确实稀碎很一般。演员都还不错。,37
2021-07-09 10:46:45,遇见,四星,建议带纸巾前往，2020年的抗疫故事因为真切的经历过，每次看到都不由自主的泪流满面。演员选择很好，表现都不错，张涵予的院长如同定海神针，朱亚文尤其精彩，袁泉演的太真实了。“白衣为甲，逆行出征”，回顾苦难是为了记住最坚强的中国人。,32
2021-08-03 19:10:54,蚊香很弯,四星,我无法用武汉人民的角度去评价这部电影，我只能说故事很好，但是很散,16
2021-07-07 18:52:49,biubiubiu,五星,⭐️⭐️⭐️⭐️⭐️影院中的抽泣声此起彼伏，不带纸也请带上朋友，不然泪水和鼻涕往哪里擦？一起经历过的事总是会更加感同身受，白衣为甲，大义逆行，中国医生、医务工作者真的了不起。亚文老师演技出圈了，易烊千玺也太好哭了😭,138
2021-07-09 13:53:05,helloeve,五星,都很好…哭得稀里哗啦 好爱袁泉,95
2021-07-28 07:49:01,可i咖啡,二星,如果不是真实疫情背后的感动，单从电影来看并不好看，整体感觉一个字，乱！想讲的事太多，故事零碎，每个都点一下，乱！运镜，乱，有部分看得眼晕。作为纪录片？！又少了真实感！,41
2021-07-09 13:50:40,剑吹白雪,五星,张涵予不愧是能把宋江演得你情不自禁喊哥哥的汉子,87
2021-07-08 16:56:29,J,五星,哭晕在电影院…哭到呼吸困难，还受电影影响不敢摘口罩。泪点低的谨慎看《中国医生》，心脏受不了。先说结论，个人觉得比《中国机长》好看，目测这个暑期档的第一个爆款就是这部了。袁泉和张涵予的演技是真好啊，跟机长的精英感完全不同。张涵予像到让人忘了是他，袁泉拿手机听消息吃饭那段值得拿影后！观影感受跟去年疫情期间人民群众看新闻差不多，心情不断过山车——前一秒“中国加油”，后一秒“呜呜呜好惨啊”。虽然很多当时的困境没有拍出来，但是影片并没有全程歌颂，很多医生的无奈与不甘，客观条件导致的无能为力都有。,114
2021-07-06 22:27:21,小牛魔王,五星,感情充沛而浓烈，叙事总体流畅、主次得当。毕竟是就在不久前全民亲历过的一场大事件，仅仅选取一条关键主线和重要人物、加上宏大的事件背景和一些小人物的片段就已经足够打动人，观看过程中常有止不住要流泪的冲动。也能感到创作中的一些求全之举，但不必苛责，作为抗疫后第一部剧情长片，已经足够好。 豆瓣盗梦@博纳大郊亭,119
2021-07-10 02:23:44,findanisland,五星,什么都不说，我现在活着就是千千万万人的努力，感恩。,71
2021-07-22 23:31:31,态变,三星,最好的片段就是剪进来的新闻片段……,32
2021-07-06 18:41:21,Lin.,五星,感觉自己和大家一起站在武汉的暴风眼中央，想哭又不敢哭！怕哭湿了口罩会被感染，怕给医生们添麻烦！,68
2021-07-19 20:12:50,cozuma,四星,请不要忘记：第一个站起来报名志愿者的是一位女性。,92
2021-07-04 13:35:12,已注销,五星,满满的感动和震撼，电影很还原，仿佛又回到了那段日子里。张涵予袁泉的演技非常好，很入戏很真实,115
2021-07-06 17:47:37,celestacia,五星,重要事情放在最开始说：带纸巾带纸巾带纸巾。差不多130分钟的电影我有100分钟都在哭的程度吧。能看出用心了，至少把之前某些抗疫剧出现的荒谬问题都避免了。更像纪录片，发生了什么事情，我们做了什么，遇到了哪些困难，才到达最后的结果。正视女性，正视同等分量的付出和牺牲。正视死亡，正视竭尽全力之后的无可奈何。正视生命，正视不歌颂无谓的冒险和牺牲才是正确的。正视人性，正视真实的混乱恐慌和无序。让每个角色成为性格各异的、会发脾气的有血有肉的人。记录苦难，而不是歌颂它。当然还有很多应该被记录下来的苦难，但这一部能做到这样已经很好了。,64
2021-07-25 17:02:39,木子🐟,二星,题材原型给满分，电影只能给两分,20
2021-07-09 08:07:04,格兰芬多,五星,致敬！感动！我爱我的祖国🇨🇳,93
2021-07-24 15:06:29,李一池,二星,从没看过这么漫长的电影 催泪 但还是假,38
2021-07-09 12:45:39,吃胶片的考拉,四星,不愧是刘伟强，非常擅长调动观众情绪。大量手持摄影加快切，力求尽可能还原那个特殊的时期。没有过度浪漫主义，医务人员们都有自己的个性，朱亚文和袁泉的角色让人印象深刻，加上骂骂咧咧的张涵予，让人相信每个医护都是真实的鲜活的人物。作为灾难题材，初期的紧张感营造到位，然后越到后面泪点越多，建议备好纸巾。,26
2021-07-22 23:31:31,态变,三星,最好的片段就是剪进来的新闻片段……,32
2021-07-12 07:50:44,Desolée ぁ,五星,五星为中国医生而打，现实比电影还要残酷。每一条生命的背后都是一个家庭，谢谢你们为武汉拼过命，去年是你们守住了国家最重要的一道防线。今年再看去年，抬眼望全球，还有那么多国家仍然处在水深火热之中，感谢党的科学决策，感谢武汉人民的付出，感谢全国人民的积极配合。PS：袁泉和子枫妹妹的泪流到了我的心里。,29
2021-07-09 03:26:26,刺客,五星,超过预期,52
2021-07-09 10:12:26,韦斯安徒生,二星,如同辞藻华丽、感情充沛，却丝毫不见真情挚心的诗朗诵。面面俱到的专题片式流水账，内容又多又杂，生怕遗漏了值得赞颂的任何角落，却在如此有分量的议题之下，未见任何有关人性、社会甚至是仅仅对职业的深入探讨。蜻蜓点水过后，留不下一丝涟漪，勾起真实的记忆，重塑“正确”的记忆。,9
2021-07-08 00:17:48,伪文人想摇滚,五星,牛逼,48
2021-07-09 13:54:29,是以见放,四星,本来听说拍的很差带着吐槽的心去看的，没想到还是被感动哭了。应该是得益于群像设置得真不错，每个大人物、小人物都立住了。疫情中形形色色的大家，最令人感动，打赢这场仗，感谢每个人，珍惜每个人。,39
2021-10-12 12:55:31,不见森林,三星,张涵予不太适合演医生，武汉的故事需要更好的作品，也值得，而不是这个赶工的,12
2021-10-23 13:20:31,摽有梅,三星,嗯，中国机长的老味道。,15
2021-07-09 10:46:45,遇见,四星,建议带纸巾前往，2020年的抗疫故事因为真切的经历过，每次看到都不由自主的泪流满面。演员选择很好，表现都不错，张涵予的院长如同定海神针，朱亚文尤其精彩，袁泉演的太真实了。“白衣为甲，逆行出征”，回顾苦难是为了记住最坚强的中国人。,32
2021-07-10 22:24:23,傅的正不了,无评价,如果《中国机长》真实还原了一个事故那么《中国医生》就真实还原了一个故事谢谢导演和演员的呈现，简直太好了，大大小小的故事穿插，心一下一下的揪心。大到院长，医生，医院，中国人的责任小的百姓，保洁员，小家庭，收发室的老板面对突如其来的疫情，我们没有放弃，总结经验，救助更多的患者。张涵予饰演的张定宇院长，从外貌，动作到气场，都很像。朱亚文的一口广普，神来之笔。还有妹妹子枫，眼泪哗哗的流…… 每个角色都立得住，为武汉人民感到骄傲。电影真的很好看，一下子就回到了2020年。春天总会到来，一定要相信！,7
2021-07-09 02:17:24,啸樗,五星,8.0零点场，看的人并不是很多。这个片子告诉我们主旋律电影我们依旧能拍好。感谢奋斗在抗疫战线的每一位同志。,67
2021-08-03 21:56:50,椿,三星,主题很棒，但是内容有点不好描述，个人觉得不是很喜欢,27
2021-08-03 19:10:54,蚊香很弯,四星,我无法用武汉人民的角度去评价这部电影，我只能说故事很好，但是很散,16
2021-07-11 00:21:00,陈焕,二星,没必要，真的没必要。拍成这样还是电影吗？,24
2021-07-19 20:12:50,cozuma,四星,请不要忘记：第一个站起来报名志愿者的是一位女性。,92
2021-07-16 00:58:29,阿梨叭叭,四星,疫情时候就想过 这段日子一定很适合影视化 因为它记录了一个个小家汇成大家的故事 因为它峰回路转 柳暗花明 圆满落幕 生活 就是最好的故事 所以这部影片走到了我们面前,19
2021-07-09 09:45:00,遥远的他,五星,"没有刻意煽情，简单平实的叙述。将武汉金银潭医院的全体医护和病患的故事串联在一起，呈现了真实的疫情众生相。能在如此短的时间内完成拍摄与上映，要为全体台前幕后鼓掌。唯一尬点，欧豪弥留那部分有点多余。",65
2021-07-26 16:11:44,耳朵躲,二星,其实没有剧情可言。更希望它是一部记录片。感觉一直在呼喊医生很幸苦。但感觉还是没有戳动我的点.....更多的让我看到人死亡和除插管还是插管的细节镜头。很让人不适。感觉对医生的理解还是流于表面的表达....,16
2021-07-16 00:00:55,热爱生活了吗,四星,或许只有武汉知道那场战争到底有多苦,25
2021-07-09 12:37:47,幸木一,四星,致敬所有医护工作者 中国人民永远都是最棒的  除了各位演员尤其是张涵予袁泉朱亚文欧豪的精心演绎 我觉得导演的剪辑有点支离破碎之感 片名是中国医生 导演还要构建小人物 流调人员的群像 铺的太大了  外加各种精神意志力的做梦片段 有点不知所云 最后 易烊千玺表演还不错 没有拉胯 那么多明星 最后不看演员表都不知道,26
2021-07-09 12:58:45,rq54188,四星,看了今天零点的首映场，感觉有点类似于纪录片中穿插着几个小故事的场景，感觉还好，可能泪点比较高基本没哭，不过有几个场景确实还是很感人，袁泉独自吃饭听小卖部老板语音……张子枫说，没有爸妈的小孩怎么办，还有看一些穿插的新闻镜头的时候。整体来说故事还是比较完整，可以看看。演员表演也基本没啥问题，四字和荷尔蒙带给了本来有点压抑悲伤主题一些快乐。不过有点出戏的就是张涵予动不动骂人的设定感觉不像医生而像军人一样……,27
2021-07-12 16:26:34,呀,四星,哭了一包纸 忍不住。除了有些地方太拖沓和配乐莫名其妙之外其他都挺好的，超出预期。每一个经历过这场疫情的人都会有很强烈的共鸣，有机会想再去武汉看看。杨小羊医生和陶峻医生真的是全剧唯一让我放松的点了，整片时不时掐着你脖子把紧张感窒息感拉到最高，手术血腥镜头直给真的很震撼，我第一次见有点吓到，医生不容易，护士不容易，每一个人都不容易，感谢我善良勇敢的同胞们为这场疫情做出的贡献。,11
2021-07-08 12:17:32,仲夏夜,五星,这是我在真正接触到临床工作后，第一次从更偏向医生的角度看的医疗相关的影视，难免会在看的时候有所挑剔。但是就像张文宏老师讲的一样，它做的很细致，很难挑出什么bug，而且确实拍到了很多精髓的东西。看完最大的感受就是非常感动，子枫妹妹一个回眸我眼前瞬间模糊。电影拍出了很多医务工作者会面临的现实困境，我相信也许医生的职业生涯中会碰到很多迷茫挫折的瞬间，但医生也有着始终不变的信条，就是治病救人。加油哇，中国医生,49
2021-07-12 08:04:11,Longing,五星,为伟大光荣英雄的中国人民致敬，从来就没什么救世主，感谢这个世界上还有这么一群可爱的中国人🥰,13
2021-07-09 09:58:12,咸咸的土豆片,五星,不要害怕眼前的黑暗，因为总有人会点亮炬火,53
2021-07-10 08:28:44,加菲丢丢,五星,作为在疫情风暴中心的疫情亲历者，很容易与影片共情。感谢医护工作者！感谢全国人民的援助与支持！感谢国家！,30
2021-08-02 16:51:04,这是小号,三星,电影半颗星，题材两星半。,15
2021-07-26 10:40:53,sillage,二星,和电视剧差远了啊，太官方太套路了，只停留在了表面而已，也没有体现疫情的紧张感和医生护士为了人民无私奉献的那种深入人心的感觉……,9
2021-07-09 03:54:25,帕尼Tiffany,五星,有幸在7号抽中了盗梦超前观影名额，尽管去之前做好的准备，还是哭湿了一包纸，医者仁心，电影从疫情还未定性的最初角度开始叙述，将医生的坚持无私奉献和真实的救护现场表现的淋漓尽致，为逆行出征的医生落泪，为经历过至暗时刻的患者落泪，为无偿奉献的志愿者落泪，为英雄城市武汉落泪，电影结尾当屏幕上出现了“武汉重启”“中国加油”几个字，我真实的体会到了在去年疫情期间我没有过的感受和震撼，用生命拯救生命，感谢你和你们，为我们拼过命。,32
2021-07-09 02:22:55,冰镇绿葡萄,五星,中国🇨🇳🐮！！！,39
2021-07-10 15:51:18,小先生,五星,其实真的是演员们太强了，所以时常，因为某个瞬间而感动。,36
2021-08-03 13:59:52,冷静一下,三星,看过了之后，就好平淡，失望，其实真的不必为了硬凹而硬凹,15
2021-07-09 12:52:29,佚名风,四星,电影我感觉拍的过早，因为抗疫纪录片已经足够分量了。武汉太多感人的故事，影片考验的是导演和剧本的功力，然而完成度只是走了过场。或许拍成十集的剧集更加合适，电影我是不推荐看的，但是抗疫精神我是十分赞同的，并且大力发扬。最后用钟南山院士一句话结束：中国疫苗临床无法开展了，因为国内没有病人了！感谢无数仁人志士，是你们冲在最前面，才有现今的安稳现世！,27
2021-07-26 10:22:43,khaleesi,二星,我为真实的抗疫事件感动，但是说实话，电影让我看的很不舒服。叙事内容庞大，各个故事线就略显凌乱。有时候，强行的歌颂反而画蛇添足… …希望导演编剧能懂。,9
2021-07-26 00:33:35,巧克力致死,二星,就是基本把中国机长的人马搬来硬是加了意识流 有点尬故事太散了，基本拼不起来情绪不到位,10
2021-07-09 12:15:59,摇摇七喜,五星,第一部从头哭到尾的电影，让我不禁感叹：生在中国真好！,120
2021-07-07 23:11:30,倾欢僖恋,五星,电影从开头就把我们拉到了2020年，那个最难的一年。整部电影看的真的很揪心，中间婴儿出生的那一刻，我眼泪都流出来了。中国医生，感谢你们为我们拼过命！致敬每一位英雄！,41
2021-07-10 17:03:37,呼哇呼哇嘞,五星,哭死我了(´;︵;`),30
2021-08-03 18:32:55,超级tt,四星,没有想象中那么感动，也许是真实的疫情原比电影里表现的更残酷，活着真实的比很多东西重要。,9
2021-07-06 17:33:02,假仙女,五星,武汉胜，中国胜！中国有你们了不起！,35
2021-07-08 22:04:41,月亮当空照,五星,有幸今天看了一场点映。非常感动，特别是看到大家苦中作乐跟随音乐一起跳舞时，泪如决堤。为中国人民的吃苦耐劳，乐观积极感动。谢谢为武汉奋斗过的医护人员，也谢谢大家自己。(为也子演的小妈妈表示有点小惊喜。),36
2021-07-09 03:24:16,森林土橘猫,五星,看了零点场，很好哭,33
2021-07-09 13:51:06,HikaLin,五星,还不错，一向皮的要死的老弟止不住泪。,34
2021-07-06 17:54:33,Steven,五星,中国医护人员伟大！致敬！,39
2021-07-08 00:23:29,维生素C,四星,@大光明电影院 主创见面会 就如袁泉所说的：这部影片的意义，已经超出了电影本身。参考纪录片《武汉日夜》的真实事件比较多，影片很真实、很客观、很感人。,54
2021-07-06 18:39:58,Mr_机智的王,四星,全片以小见大的方式展现了在疫情期间医护工作者不辞辛劳，舍小家为大家，时刻坚守在自己的工作岗位上为疫情胜利奉献出自己的力量，展现出了家国情怀和伟大的集体主义.张涵予和朱亚文演的真棒！,38
2021-07-09 09:59:45,童甄,四星,夜里去看的首映，比预期的好看很多，没有过分的煽情，平淡而真实的故事，不做太多的修饰美化，感动于那些真实与平凡，不是因为我泪点太低，而是感动于那些在大难面前敢于直面的向前的医生们，你们辛苦啦。随然还有些许的主旋律，但作为医生的伟大永远都不希望被辜负。,27
2021-07-26 12:26:17,byj,二星,剧情让我挺失望的，整个故事的线路让我感觉乱乱的，电影中想要把疫情期间的所有都表达出来，可是没重点反而显得整部影片很乱，高潮肯定是有的，可在我看来不算高潮，因为没有充足的铺垫，并且气氛烘托根本没有上去，本来很好的题材，却让人无法感动落泪，这已经足够让我对这个影片失望了,4
2021-07-18 12:30:49,东里半梅,三星,叙事逻辑混乱，说电影不是电影说纪录片不是纪录片,20
2021-07-12 16:21:54,Nemophilist,五星,觉得医护人员很是不容易，展现了一个个小家的悲欢离合，但一旦民心凝聚，可以创造很多奇迹，经历过苦难的民族和他的人民必能走得更远。我所不知道的艰难还有很多。,10
2021-07-22 03:50:38,清梦,三星,电影确实拍的过于模式和套路了，说几个印象深的场景吧。是好演员的共情力让这部电影有了点色彩。一直都周也无感，甚至有点脸盲，这部电影让我记住她并且发现了她的美。欧豪的演技我一直低估了，他原来演绎角色这么自然。还有子枫妹妹那一个镜头，直接把我感动哭了。,5
2021-07-09 11:03:50,贪吃的米其林,无评价,很喜欢，这是真正的中国医生,20
2021-11-27 03:54:18,一贫,三星,流水账就算了，还那么支离破碎。几个泪点也完全是因为勾起了当时的记忆。,5
2021-08-03 18:07:20,headyfun,三星,一星给武汉人民 一星给金银潭医院院长 一星给所有坚持在一线的医护人员,7
2021-07-07 21:03:51,FourQuartets,五星,当世界停摆，当未知降临，当前路不明，只有你们在奔走。复刻Covid—19的纪实性电影，可以说完全没有在煽情，而是那时候的生活写照本身太有压迫性了。隔着屏幕，深刻感受到了什么叫“英雄的城市，伟大的医护，最好的人民”。世界需要看到，也需要记录。,26
2021-07-13 11:39:53,草莓夹心小饼干,五星,五分给那段不易的时光还有所有医务人员,16
2021-07-09 03:22:17,只想摊着,五星,致敬 感动,26
2021-07-09 13:48:42,Nanyukiiiii-,五星,节奏紧凑 道具过关 演技在线 剧情完整                  仿佛一下又回到了去年疫情期间 全程泪点但没有刻意煽情 😢😢😢好看👍,41
2021-07-09 08:53:12,你吃小西瓜嘛🍉,五星,看完心里有一股空落感，因为自己也是湖北人，疫情的情况只会比电影更残酷，但是拍的真的还挺不错，特别张子枫那一段，还没有开始讲话我就绷不住，直接开始掉眼泪。,30
2021-07-09 02:58:08,贪吃的悲伤鬼,五星,太真实了，太好哭了,29
2021-07-30 01:14:16,山山,二星,寄于很高的期望，但看了后感觉一般,7
2021-07-09 12:12:42,Diana,五星,真实最动人，导演在戏剧性情节的处理上比较突兀，这种纪录式电影的煽情应该更收敛点,23
2021-07-09 12:21:17,已经注销,五星,7号看的首映，刘伟强导演拍出了无间道节奏感，情绪一直跟随镜头跌宕起伏，很戳泪点，疫情总会过去，我们也要回归正常的生活，感谢为这场疫情付出的所有人，袁泉、张涵予及朱亚文演的真不错，后两者一个湖北口音，一个港普说的很溜，PS一定要看到最后的最后，有惊喜,27
2021-07-09 12:41:53,软萌子,四星,含着泪看完，袁泉大银幕女主脸！！,20
2021-07-24 01:40:08,窈七,二星,内容框定下的命题作文，国情体制下的超级英雄，是口号响亮的新样板戏，也是贩卖泪点的卓越商人。从《中国机长》一路走来，只能说刘伟强越来越熟悉如何由真实事件借题发挥，代表政治立场完成一次政策性的规定动作。角色功能性地登场打卡，脸谱化地喊一些口号，标志性地呈现一些苦。一切细节与人物的存在下一秒都会应验他们被设计的目的，来告诉你这是一处橱窗舞台，这里存在的一切只服务于歌功颂德。众生吃力地想表现舍生忘死，却分分钟被英雄主义光环与领导的英明指挥所冲刷。泪点被指挥出现在叙事疲态的角落，以戏剧技巧刺激观众的泪腺，达成一次别有用心的讨好。世界在镜头下被压得扁平，真实的挣扎被回首政绩时的一片大好所覆盖。电影可以复刻场景，却难以再现真情，苍白的主旋律写满我们的可悲。高昂着头颅，不愿承认光环之外任何的斑驳。,3
2021-07-28 03:02:57,Justin,二星,刘伟强的这个命题作文应该是不及格的，故事极其碎片化，人物完全脸谱化，故事主线逻辑条理还不如一部纪录片来得清晰。好几部关于武汉抗疫时期的纪录片讲得都比这好。多一星给辛苦的医护。,12
2021-07-09 13:53:25,二十七,三星,平凡铸就伟大，英雄来自人民。,46
2021-07-09 02:52:40,逐南,五星,涵予哥很催泪，老戏骨了，还原武汉真实抗疫，真情实露,24
2021-07-09 12:34:29,松岛栗子,五星,多带点纸巾 带了四张反复用都碎成渣了。袁泉老师真的太美了，欧豪部分戏有一点点尬。,22
2021-08-03 14:32:53,lucky_nwang,三星,剧情没有挖掘到应有的深度，但里面的快递员小夫妇演得不错哦,5
2021-07-22 03:08:06,猪是就你读着倒,三星,感触颇深，但主旋律为何越来越不像电影？,10
2021-07-13 13:41:36,-放羊羔,四星,现在所有的安心跟放肆，都是失败跟死亡换来的。,3
2021-07-09 13:36:19,奶飚快听姐姐话,四星,真是太好哭了，想到2020年初的武汉，感觉一切都像梦一样却又是真实存在的。欧豪的角色戏份不多但是还蛮出彩的，金仔的家庭真的是被医生救回来的！尤其后面确诊时的不知所措，还有在方舱医院怕媳妇儿发现他偷偷接单生气不肯吃饭，太可爱了！最后和他媳妇儿一起抢救的平行剪辑太带感太好哭了，经历了疫情金仔也会成为一个成熟稳重有担当的爸爸。,11
2021-07-09 12:53:03,此心不减,三星,还是挺感动的，让我印象深刻的是那句出自父母都去世的孩子的话。感谢奉献的白衣天使，感谢疫情中暖心的帮助。进步都是在失败中建立起来的。,17
2021-07-09 09:08:42,屋檐下的猫,五星,很感动，拍的很好！,40
2021-07-08 01:35:19,jing_est,四星,有幸看了提前场的中国医生，又把我带回了那一年武汉突发新冠的时候。金银潭医院收治了很多新冠病人，还有来自广东上海的援鄂医疗团。那段日子是白衣天使们守护着我们。感谢那些一直坚守在第一线的医护们。,16
2021-07-09 12:13:25,蒽宇,四星,各位演员的演技是不错的，但是整部电影的剪辑稍乱，拉低了电影的质感。,6
2021-07-04 13:16:11,Hallucely,四星,武汉首映礼。首先很感动请到了张院长和张继先主任 让这部电影变得更有意义了其次  电影按时间顺序带着观众又速览了一遍整个疫情狙击战最后就想说 作为武汉人觉得电影中间还算是较为完整的反映了当时的情况，现在想起来那段日子还是很后怕很慌张 那种感觉可能没有亲身经历过很难感受到的总之经历过那段时间的大家都是不容易的 医生真的很伟大,16
2021-07-07 21:08:37,九品铲屎官,三星,感谢医务人员的付出~,23
2021-07-10 09:03:38,Billie,四星,中国机长原班人马，向我们重现了2019年新冠疫情爆发的武汉，非常感人，在很多未知年前，大家齐心协力，克服重重困难，战胜病魔，挽救了很多生命！观影期间要自备纸巾。,11
2021-07-09 02:19:52,看不到水怪,五星,看过之后出门坐地铁，恍惚间以为自己处在2020年1月份。中国伟大，医生伟大，武汉伟大。每一个众志成城的时刻都在打动我，从一开始动员就开始哭(இдஇ;),28
2021-07-07 21:02:17,印驥,四星,看了点映。虽然电影前期情绪推得有点高导致后面太饱满，但是真实故事改编的内容，依然可以看到医生的伟大、人民的伟大，子枫妹妹的小桥段让我最终没有绷住。,28
2021-07-10 01:39:34,Monica,四星,今天白天去影院看的，可能是中午11：50的场，所以观看的人不多，其实对这种剧情电影我一向是不评价的，我突然评价的原因是：是否把陶医生刻画成别一个人了，我广东人没有斩份熟食拿着个鹅腿边行边食的习惯，我观看时就吐槽了，应该说在场观看的人都出声了，陈亚文在里面有时演员表情和动作有点浮夸和表演痕迹过重，抛开这点我为文医生和张院长的扮演员折服了，去年的疫情全国人民都身有感受，英雄城市武汉经历了太多太多，真的太多～到今年疫情在国内外还未平息，世界加油吧，同时感恩感谢祖国。,14
2021-07-09 12:35:14,Mr涛先生,五星,张子枫的一句话，泪崩。,86
2021-07-22 02:30:58,舍不得睡觉的猫,三星,影片有些流水账的感觉，现实依然感动！张子枫好厉害！袁泉YYDS！,6
2021-07-09 11:58:29,一杯柠檬茶,三星,"70/100,1.去年看了《金银潭的500天》这个纪录片，今天看了以事件人物为原型的电影，前半部分拍的很好，事件的压抑紧张，全都拍出来了，几乎规避了观众所有可以挑刺的点，在参加抗疫的时候，也是女性第一个举手，细节好评。2.演员的表演上也没什么问题，张涵予袁泉易烊千玺表现得很出色，不过朱亚文的口音很出戏，粤语部分是配音，粤谱说的也很奇怪，难道没有广东男演员可以演了吗？3.拉垮的是后半部分，周也和欧豪的部分，把抗疫题材生生变成了偶像剧？？当然是比《中国机长》要好很多了。＃2021院线电影27",0
2021-10-06 11:43:48,梁威是条狗,三星,太过伟光正了，人物还是有点虚，为了赞歌而赞歌,4
2021-07-07 22:47:29,天才不讲基本法,五星,看了上海点映，狠狠被触动到了，拍的很真实，插管啊呕血啊剖宫产啊，虽然我不是学医的，但深深震撼到了，我妈也在孩子被抱出的那一刻不忍去看，她说太真实了…感谢去年那段困难时间医护人员和所有坚持在前线工作的人，正是因为有了他们，才有了现在能适当脱下口罩的生活。最后说一下各位老师们真的敬业辛苦，张涵予老师从楼梯上摔下来的那段一定很痛吧！谢谢老师们的精彩演绎呈现给大家抗疫精神！ps：朱亚文的陶医生角色也很有意思，说着拽拽的广普，严肃对待工作，苛刻指导小羊，能让观众为他插管拔管的拼劲鼓掌，也能用扑街仔让全场大笑起来，是所有压抑情绪的缓冲剂。,40
2021-07-06 18:04:06,可乐,五星,有幸参加了北京场的首映，电影很好看，中间被感动到落泪，袁泉演技好棒！,28
2021-07-07 23:29:45,快乐小逗逗,五星,一部以武汉抗疫最艰难时期医院医生真实事件 改变的电影故事。用电影艺术的形式真实的展现了全国各地医生支援武汉抗疫第一线勇士们的英雄事迹。张涵予等几位演员在里面表现的也很到位，电影整个过程让观众充满了震撼与感动。有这样的中国医生， 有这样的中国人民。相信我们最后定能取得抗疫战争的彻底胜利。,25
2021-07-07 23:49:04,ID,四星,医院发的电影票看了首映！喜欢袁泉，很有感染力，但觉得电影里最震撼的还是真实新闻录像,16
2021-07-06 22:50:20,潜溪,五星,应该是国内主旋律的巅峰了,35
2021-07-07 00:02:51,东风靳吹,五星,有了真实的故事才是最能打动我们的，每一个画面，每一个人物，每一场景，都是我们熟悉的，也是最能共情的，高度还原当年的抗疫瞬间，看到了许多我们曾经在新闻里看见的人物，不禁感慨万千，每一句台词都真实的反应了当年的情形，直戳我们内心，眼泪不由自主的掉下来，向曾经奋战在抗疫一线的英雄们致敬，你们曾经为武汉拼过命!,23
2021-07-06 21:36:03,冬泥儿,四星,新冠疫情过去一年多了，再次回望依然惊心。在本该阖家团圆的时候，一令封城，全民开始了对抗病毒的斗争，在病毒面前，没有谁比谁特殊和高贵，生命面前，什么都是分外的渺小。而在这场战役中，生命至上，是唯一原则，最感动的一句话就是文婷在回答金仔询问住院费用的时候的话：“你老婆治病的钱和生孩子的钱，国家包了！”只有国家足够有底气，才有这样的承诺和担当，我为生在种花家自豪！致敬所有的医护人员！,14
2021-07-06 18:35:56,Althea_,四星,武汉，本就是一座最英雄的城市，2020，全民抗疫，我们，赢了！影片里最戳人的恰恰是最细节的处理，谢谢用影像再一次带我们深深记忆了那段记忆的人们,10
2021-09-25 21:25:39,少年赵里昂,二星,从电影角度来说难看的稀碎，仅有一点点好感来源于对医护工作者的敬意，以及部分演员的演技，疫情期间看个新闻我都能哭，这电影愣是让我全程冷漠脸看完也是本事。有的情节刻意的令人抠地，看完我快抠出一个方舱医院。,1
2021-07-08 03:47:46,tsleave,五星,日子虽然过下去了，但是少了很多人。（袁泉一哭谁他妈忍得住眼泪啊）,33
2021-07-06 22:26:58,施华吾克,四星,适合中国人看的电影吧，虽然是讲医生，但其实是讲事件，没有描绘的很细节，真实的故事应该比电影更感动。算讲大环境的电影吧。袁泉的武汉话比张涵予的湖南口音武汉话标准。整体的电影还是会感触到大家，因为我们所有人都经历过,12
2021-07-24 16:25:26,けんちゃん,三星,…,0
2021-07-15 01:27:45,吃藕小丫,四星,看的时候想到了王源的那首歌，这世上没有真正的感同身受，我们无法真正体会当时患者面临死亡的感受，也无法真正体会奋战在一线的医生那种看不到结果的感受！中场新生儿的出生代表着希望，是那种众志成城，任何困难都无法磨灭的希望，电影的另一层我看到了在治病救人的同时人文关怀也是无比的重要，我们都是在这浩瀚宇宙中如蝼蚁般带着坚定信仰活下去的人，最后希望生活中医患之间能相互理解！,3
2021-08-14 22:32:53,Keith Lee,四星,身为武汉人，从那个时期过来的，很能体会到这样的心情，天灾人祸面前，人性体现的淋漓尽致,2
2021-07-09 12:24:45,AKOfish,五星,伟大的国家！伟大的人民！眼泪总是止不住……,28
2021-07-06 17:59:53,哇,五星,首映礼。口罩都湿了。,25
2021-07-07 21:25:37,amie-Y,四星,把镜头聚焦金银潭，群像加一线医务人员的刻画鲜活。影片的戏剧张力在与病毒短兵相接的时刻如何坚守，在理智与情感间如何与死亡抗争。。。院长张定宇（张涵予饰演）轻轻一句“我的生命在倒计时，（新生儿）的人生才刚刚开始”，接其身患渐冻症的实情，凝聚了所有医护为生的希望而战的动力源泉。。。袁泉所饰的主任如是说，疫情总会过去，生活还要继续！0707大光明点映+映后主创互动,10
2021-07-08 23:25:15,明月何时照哥谭,三星,这样单薄且充斥着解释性台词的文本，最后能够落实成这样，实属不易，前2/3真的非常有压迫感，从正片开始的第一瞬就拉着观众入戏，让观众体会到“战场”是多么的残酷，英雄也因此而伟大，后1/3可以说画风突转，上价值和煽情都非常直给，但是还是有很多地方忍不住眼泪，总的来说放低要求，值得一看,1
2021-07-09 02:20:26,井仔,五星,你们值得，你们也值得,18
2021-08-02 16:56:32,A.,三星,主旋律电影，在我们刚刚经历过这段时间后，都会有所触动吧，但是叙事结构有问题,4
2021-07-14 15:20:04,小万哥哥,三星,我很努力的想渐入哭境，但硬是没哭出来啊，我能怎么办；我知道这段去年的历史很令人惶恐，但电影拍的真的是很口号啊，并没有走心啊，我还能怎么办呢,1
2021-07-09 13:36:53,小地,五星,感谢中国，中国伟大，中国人民最棒,44
2021-07-09 04:03:34,开心起来.,五星,正式告别2020。,26
2021-07-09 12:23:53,嗯好行没问题,四星,后半部分叙事好乱…… 某条线我一直都在玩手机…更喜欢里面夹的一些真实片段 整体还可以 大场面调度挺不错滴 演技都在线 小羊医生好可爱啊 成长迅速又可怜巴巴的呜呜 🥺🥺🥺宝贝贴贴,17
2021-07-10 09:20:14,wuli粥粥,五星,很真实，很感动！把抗击疫情中，最真实的人性拍了出来！致敬武汉抗击疫情中伟大的医疗工作者们！,32
2021-07-09 13:33:17,羽墨,五星,泪点很高的我，哭湿了一张纸。真实自有万钧之力。谁能想到，疫情才过去一年呢，好像过了很久了。疫情或多或少在我身上留下了点什么，想去做更多有意义的事。电影里的个例背后，是很多很多的相似和更深的悲伤，或者是更严重的后果。很多很多人没等到第二年的春天。索性一切都过去了，感谢所有为我们拼过命的医生护士警察和其他工作人员，谢谢,24
2021-07-27 00:13:44,LEE～,五星,【190/166】感觉很棒的一部七一献礼片，《中国机长》几乎原班人马再度出演《中国医生》，其中也不乏很多的大咖友情出演。展现的是国之强大、展现的是医者仁心、展现的是中国速度……我们不仅得感谢生逢盛世，更得去感谢党的正确领导以及医之大者为国为民的那份担当……🙏🙏🙏,3
2021-07-13 12:17:17,Seamoon,三星,和儿子一起看。我们总要不断面对十字路口，这时就需要正确的方向和坚定的信念。,3
2021-07-08 22:01:27,苏烨也,五星,有幸和华西医院的医生包场看了一场电影，也许只是看电影的人里面就有驰援武汉的医护人员。看着曾经经历过的一幕幕，想着去年去武汉看疫情后的英雄城，熟悉的画面，熟悉的故事。那么多故事可以写，导演抓住了几个传承、新生、奋进的点子，还是很讨巧的。若不是旁边有个吵吵闹闹的小孩，观影体验会更好！,21
2021-09-27 19:18:07,了,三星,国家富裕是好事。子枫那段真实感动，年轻人总是沉默居多，能说的话不多，能讲的不多，但愿国泰民安，发展经济的同时，提高人民素质,0
2021-07-10 02:06:48,小羊长大了🍒,五星,记忆被拉回那个慌乱的春节，在电影里，直面了英雄的中国医生和英雄之城武汉的不易与伟大！这其中的艰辛，奉献，勇气，抉择，永远的失去，再次的获得，都值得我们了解，铭记，感念！ 小羊医生进步很大噢！钟南山院士的烧鹅好吃吗？😋,27
时间,用户,星级,短评,支持数
2022-05-28 18:42:39,不然呢。,三星,“你这个独裁者，只会用恐惧和虚伪统治大家。”,214
2022-05-17 11:27:16,凯文·史派东,二星,内地要上了，但有一说一，这部剧场版比较拉垮，影院想回血还得等好莱坞大片上。,84
2022-05-29 16:13:23,哪吒男,三星,——暗号是什么？——天赐我们自由！,174
2022-05-28 21:10:10,人造奶油,三星,最后半小时才变得有趣起来 最大收获：复习了一遍世界近代史，中国近代史。嗯 全世界无产阶级联合起来😶补充下：那个帽子……的确引起不适ps 希望是我想多了 总觉得不是什么类别动画片都要隐喻都要意味深长才显得有水平的  人疲惫的时候就想无脑笑笑哭哭 谢谢,128
2022-05-28 21:18:50,谦宝,三星,哆啦A梦和大雄他们也在为了自由而努力。,86
2022-05-28 20:41:56,或者雪,三星,结尾所有人走上街头的一幕实在是太乐观了,79
2022-05-28 13:17:10,宫唯明,三星,其实要单看的话这一部还行，但要放在《哆啦A梦》这个系列里就比较失败了。和以往对老版的改编方式如出一辙，在剧情的整体框架内进行改动，对比之下有利有弊。原版弱化了巴比和人民大众的作用，新版则加强了不少，这方面是我觉得改动较好的地方；但是新版对原版的诸多改编导致原本的笑点、剧情的合理性、甚至反派的智商都被削弱了不少，而原版对许多经典电影的致敬，在当中所表达对电影的无限热爱，在新版中基本全无，这是我觉得最可惜的地方。不过还能在影院里看到手绘的机器还是很感动的,38
2022-04-26 22:40:46,优杉,无评价,多年没看水田版了还是这么拉胯，一如既往的强行煽情和不合时宜的尴尬搞笑，以及水田版这个无论如何都要给大雄加戏让他大出风头的习惯我真是讨厌讨厌讨厌极了，不过当然，原版这一部就是藤子老师所有大长篇里我最无感的一部，水田版会更烂也是预料之中的。原版的外星人画得还挺像外星生物的，这个版本改得看着像是长了触角的三毛一样，而且原创的那段总统和姐姐的感情戏是怎么回事我不懂，确定这是亲情吗也太暧昧了。唯一的优点是中间有首插曲很有当初的武田铁矢的风格，很像是只要大家齐心协力那首。（说起来大概是自我审查了但这片真的能引进吗这剧情也太危险了吧尤其是市民们涌上街头的最后一幕）,21
2022-05-28 12:52:01,云吞老丸子,四星,最感慨的一幕是，里面自由联盟的首领（以藤子F不二雄的形象设定，贝雷帽，高领衫）送大雄他们离开，大雄问他那你呢，首领说“还会再见面的。”这一刻2022年的大雄像是发送了一封穿越时空的书信给到了1984创作这个故事的藤子老师。你看，隔了快40年，我们还在看你画的故事。,121
2022-05-28 22:16:16,Henrique Asano,三星,原来是在致敬特摄片，缺点就是没用处的角色太多，中段太啰嗦，看的略烦人,7
2022-05-28 21:03:18,男巫小叶子,四星,故事的内核今天看依然不过时。义无反顾地坚信善良、为别人着想，面对恐惧不轻易退缩，都是年少时闪闪发光的品质。此外，本片对独裁与自由的思考虽点到为止，也足以震撼人心。,52
2022-05-28 17:12:25,塔塔君Minkun,三星,故事凌乱，属于剧本家有点想法但导演没有想法。光是特摄拍电影的设置就能做得更有意思，就真的只甘于玩点别人都玩烂了的大小物体对比，做个“进击的巨人”吗？,11
2022-05-28 16:15:17,巧克力维他奶,三星,太蠢了 108分钟感觉看了两倍的量,23
2022-05-28 22:50:59,阿朽,二星,这集有些镜头怪怪的（不怎么好的那种怪，类似教材课本那种）、带孩子的慎重…也可能我想多了,30
2022-06-02 09:12:12,尖耳朵的小公举,三星,儿童剧扯上政治就是驴唇不对马嘴 两边都不讨好2022.6.1儿童节第一次去影院看哆啦A梦狠狠的失望了,7
2022-06-01 15:37:30,一條魚佔滿了河,三星,和舊版本比，大雄的人設被改編得討喜了一些，然而可惜，在這個故事裡，小夫、靜香、胖虎的高光時刻都太多了，存在感還是比他強，而舊版本的一些迷影元素也在改編中小時殆盡了。帕比在加冕儀式上的演講還是令人動容，也是因此，和其他劇場版不同，這一次的故事不僅僅是主角團五人組的勝利，而更是民智覺醒的勝利，“天賜我們自由”。,2
2022-05-29 14:34:36,二月鸟语,三星,致敬《星球大战》系列～,7
2022-05-29 20:42:04,托尼·王大拿,二星,融合星战与特摄，终究还是笔力不足，许多增补的细节全是大白话儿。,13
2022-05-30 16:09:58,JoeyLu陆柏宇,三星,还行吧，场面大节奏快,0
2022-05-31 22:34:53,王蛋清·傀,五星,"天赐我们自由，爸爸，什么是dcz？就这两句，就能明白哆啦A梦为什么能经久不衰，苛责哆啦A梦剧情低幼和简单本就是一种得不到还说酸的国产键盘侠。能把这样成人世界的硝烟和斗争用孩子们天马行空想象力世界表现出来，不用说教只用五人组的故事，你还有什么理由说他不好？为什么我这么喜欢哆啦A梦，就是因为童年有他的神奇道具陪伴，成年后又有更加深刻的理解和回忆。再次重申，不给哆啦A梦打好评的都不是我朋友，哈哈哈",73
2022-06-01 18:06:20,freshtime,三星,儿童节带娃和老妈去看。娃中途百无聊赖，老妈睡得很香。即使是哆啦A梦的童年光环，也无法掩盖剧情的拖拉。结尾是进击的巨人既视感。,1
2022-06-01 23:20:50,葛攀,三星,这种时候去看一部背景带着自由，上街，老大哥看着你的哆啦A梦，也是有点恍惚的感觉。2022北京5月疫情电影院恢复后的第一场电影。,2
2022-06-01 06:33:47,U 兔,二星,好久没有在电影院扎扎实实地睡着过了。,15
2022-05-28 14:47:29,练习曲,四星,每次看哆啦A梦都因为太过美好而想哭，有哆啦A梦陪着长大真是太好了！唯一需要吐槽的是小夫你穿着绿衣服开着绿坦克是怎么拍绿幕电影的啊hhhhh！,29
2022-05-28 15:56:30,中土剑圣塔里昂,四星,出木杉就开头结尾出场了，自由的主旨被渲染的过于肤浅，仿佛小孩子过家家喊喊口号，就能消灭独裁了。皮娜这个角色可有可无。哆啦A梦不该只有这个水平，幼稚了，打四星完全是看情怀。,23
2022-05-28 19:00:34,拥桑,二星,巨失望，越来越大人话和现实化。用抖音全球式烂梗填充元宇宙，一顿花里花俏，本质就是《星球大战》，美国用《阿波罗》怀旧太空梦，用哆啦A梦做引，拍《星球大战》，《大人国与小人国》，巨人善良与小人狭隘，宇宙跳跃，宇宙飞船大战，反战，塞的满满当当给人们，最后用和解善良的友情结尾，哦！友情与善良的确是一切的解决。,5
2022-05-31 23:43:16,有心人。,三星,——天赐我们自由——六一儿童节快乐,7
2022-05-28 13:10:46,Rabbitの胡萝卜,二星,技术大升级，动作场面确实有更大的进步了也。然后就是镜头也更讲究了，各种镜头语言的运用也刺激。但是自以为是的制作组把老版的特色全删没了，整了些不明所以的东西，自以为填了坑，其实搞得毫无逻辑，没有可看性，昏昏欲睡，模仿好莱坞大片爆米花模式，可是哆啦A梦是靠想象力与童真取胜的啊！,12
2022-05-30 08:25:08,𝔹𝕒𝕒 𝔹𝕒𝕒 𝕊𝕠𝕟𝕘,三星,是天真的童话，是“恶意的”政治隐喻与预言：愤怒的人群、开上大街的坦克、不可一世又最终绝望地跪倒在人民面前的独裁者。哆啦A梦的超长篇里有不少篇目都有类似的面向孩童的经过简化处理后浅显直白且严肃深刻的命题说理，关于人、关于自然、关于政治。自己幼年能被这样的作品启蒙真是幸福，彼时“普世价值”还是正面概念，我也天真地以为事物总会前进前进再前进。,3
2022-05-28 15:56:16,渊野边小蛋挞,一星,不幸买了国配的票，总统一句＂小夫我要进来了＂又勾起我痛苦的回忆,31
2022-05-28 18:03:39,kiki204629,四星,每当大雄绝望的大哭，哆啦A梦就是他希望的光。小夫虽然有点怂，但他确是五人组里最有创造力想象力的，从天而降的反重力坦克去参加宇宙大战；静香洗澡这个梗是没办法改变了，但她也是五人组凝聚力的体现，女性视角的细微敏感鼓励着大家；胖虎这次太威风了，拳打脚踢一顿操作猛如虎，打的敌方战舰节节溃败；大雄啊，他最大的优点就是善良吧，这是个很宝贵的优点。五人组的主心骨就是哆啦A梦了，感谢蓝胖子陪伴他们我们成长！六一快乐鸭🦆,26
2022-05-29 00:40:52,liujing1000,五星,正好上映这天儿子生日，看着儿子开心得大叫，仿佛看到了年幼时看机器猫的自己，必须好评,22
2022-05-29 23:50:13,蒋灿,四星,——天赐我们自由！——你们这帮用恐惧和虚伪来统治人民的独裁者，总有一天会受到群众的反抗！,28
2022-05-28 20:42:42,超能力小苏,三星,虽然是去年的小学生的幼稚动画电影（后排的幼儿园小朋友都看得中途退场），但是看完字幕发现皮娜的配音是mayu就又觉得赚到了耶！,6
2022-05-28 10:09:21,可爱猫猫,五星,天赐我们自由,18
2022-05-28 12:59:55,夏桑,四星,好久没进电影院了，包场的感觉真好。有原著打底，真是破船也有三根钉，有趣的部分全是藤子·F.不二雄的，改编部分实在毫无必要（你说你搞一个姐姐形象干啥，原作本来就有无性别的象征意味，隐喻最广泛的人被压迫），不如老老实实出个重制版。不过，幼时看只觉得有趣，现在看才发现左翼艺术家的笔法。这本质上还是一个走向gh与恢复dz角力的故事（这样得故事如今是越来越少见了），流亡总统和将军真是怎么看怎么眼熟。异星人依靠人类确立了天赐的权力，如今人类自己却身处两难的岔路口，看不到未来……,22
2022-05-31 20:39:36,Pierre Douce,三星,这是昭和这一辈社会运动比较激烈的人创作出的故事，到2022年再看，仅剩对真实世界的嘲笑,3
2022-06-02 19:13:47,北纬,二星,挺难看的，讲的还是个政治故事。有些情节很强行，其他道具都有好多个，缩小灯却只有一个。（静香真是每一部都要洗澡…）,4
2022-05-31 19:38:08,极圈里的燕鱼,三星,要不是重启老作品现在一定拿不出这么好的剧本了。机位运用得挺生动，坚持手绘而且画面还挺复古，这都算当代作品的优点了，但这个故事、表现力和氛围感毫无疑问还是过去那个年代更胜一筹。有的地方已经很有深度就不必要再故意设置低幼的情节，既然电影里八岁都能当总统也就真的别把银幕前的孩子想得太幼稚。观感超出预期，真的没想到动作场面还挺有看头，当结尾主角们邀请帕比和姐姐下次一起来地球玩的时候，第一次还挺期待剧场版能出下一部连续作品的，能在哆啦A梦剧场版里看到《1984》和《星球大战》，还奢求什么呢。,1
2022-06-02 21:46:31,朝阳区妻夫木聪,二星,最后，重获自由的人们纷纷走上街头，他们欢声笑语，燃起烟花爆竹，庆祝这来之不易的抗争结局。怎么样，像不像平行时空下的上海？（电影还是很无聊，相比85版把主要矛盾稍稍改了一下，人物转变也更立体了点，场面更大了，但还是没啥意思，两星半吧）,3
2022-05-30 21:26:58,道轍,四星,修了一些旧版不太合理的地方，但加了个重要人物和改动了一些故事线让漏洞更多了（扶额）；很多笑点改没了，包括那个加速药水，话痨狗竟然是梶裕贵配音但台词不够旧版好玩；连〈少年期〉也要删我的 TAT 不过新版特效做得真好（一人包场看完。,3
2022-05-28 16:06:01,Lord Voldemort,四星,一般，你知道主角肯定赢的没啥悬念，不过儿童题材能拍反毒菜的剧情也是挺难得的，加一星。,7
2022-05-29 20:01:04,Oasiis,二星,很平庸，很无趣，连期待的主题曲也没了。,4
2022-05-22 08:28:17,ericxu,四星,其实也可以吧，前半段挺无聊但后半段我崩了❤️,3
2022-05-31 22:24:46,miyoung,二星,穿越星际的时候看到星战的影子了，夹杂了一些东西，哆啦A梦的想象力变弱了。,1
2022-05-31 23:04:32,奇爱博士,三星,挺猛，看得惊心动魄。（电影复工第一弹）,1
2022-06-05 00:34:21,截图鬼才,三星,那个独裁者原型是不是安倍呀哈哈哈，电影里的日本民众反抗应该是作者想在现实中看到的，可惜只能成为一种寄托。,0
2022-05-28 15:20:35,shikio,五星,被独裁者支配的外星人在自由党总统的演讲下觉醒，与总统找来的巨大地球人外援共同实现自由同盟。,8
2022-06-01 20:18:43,曾照彩云归,四星,电影院里的小朋友们看得可真开心呀，快乐童年,0
2022-06-04 09:59:36,мая,三星,5.5，文本上还是有一些想法的，极权、自由独立、民众反抗意志等等（联系一下冷战背景，影射很直白），又结合了一下星战营造的太空歌剧的科幻风格，放在80年代，还是挺新鲜有趣的，放在当下再来炒冷饭，不免就太过时了。剧作的随意性太高，处理得过于轻易和简单，属于有话要说，但完全没说好的那类电影。,0
2022-06-05 17:27:27,P猪大侠,四星,影院buff,0
2022-05-29 21:31:45,国王KING,四星,水准很高的一部剧场版，削减了很多科幻元素，以至于看着有点像战争片，好像真的和他们经历了一场遥远宇宙的小战争。大雄这次的表现不是很让人满意，出彩最多的反而是小夫……「我也很害怕啊，但如果就这样什么也不做的话，那也太悲惨了。」少年少女们鼓起勇气，对抗极权国家统治的故事。小和大的冲突，善和恶的对立。5月的最后一个周末，有哆啦酱的陪伴真好啊。真羡慕他们活在无尽的暑假里。,3
2022-06-02 23:20:30,浆糊骗子,二星,追求所谓的漫画感故意把人物画残，手握大把新技术（EMP、永远有90%电量开启NFC又不会挤坏身体的坦克）又水了一部新片。为了捧带资进组的新角色，砍掉了许多精彩的铺垫细节，片长不减信息量减半，再次拍出“没看明白就掏钱买我小说”的效果，为什么就不能找一位爱哆啦A梦的编剧来改编呢～滋溜走路多少年的脚都被改成129.3kg直接砸地了！这位佐藤犬应该是没看(懂)《1984》的，他把互相制约的体制改成愚蠢的独裁首领，把暴动的群众改成只会喊口号游行的肉盾，把话痨狗改成敌人让停就提前停的吉祥物，削弱外星人的智慧、缩小鲸鱼的尺寸（一如既往地继承水田版“地球人类最厉害”的迷之自信），生怕吓到小朋友，但静香却改成爱好粉嫩又自带淡绿。内地配音十分钟内两次故意讲“蓝胖子”（藤新导演）,2
2022-05-28 23:56:25,蓝茶,五星,情怀片，但是比上一年的好看！哆啦A梦还是一如既往的可爱😍😍😍😍但是这个剧场版主要讲小夫比较多，大雄的镜头反而很少哈哈哈哈,4
2022-05-29 02:33:54,阿孝咕,二星,勇有叮当猫的人永远长不大，只想拍电影的胆小鬼开着坦克为心爱的女孩挡导弹，整个星球的武装力量被几个小学生吊打。这发型，说的是《蒙古革命往事》吧？,3
2022-06-03 18:28:25,逆风飞扬,三星,和我二十多年前看的漫画书内容基本一样；牛奶浴遥控猫飞天狗缩小灯失效最有印象；现在才感受到这是个大人缺位的正治题材；二十多年后，居然是一家三口在影院看了，很想借个时光机，告诉下二十多年前的我^_^,0
2022-06-02 23:50:32,米开浪基•洛,二星,好无聊又低幼…这电影是想内涵什么吗？,0
2022-05-31 23:16:02,X-523,二星,全靠吐槽才没睡着，16年那集剧场版从头睡到尾。但看纸版漫画我又能津津有味，无解。2022/5/28@SFC with L,0
2022-05-30 22:07:08,世纪症候群,二星,太过于低龄化了。,4
2022-05-30 21:19:56,kakakarl,五星,"哆啦A梦惯例5星。虽然是翻拍的故事，但是在镜头和画面上的设计已经推陈出新，有好几个镜头设计都很好。大雄捡到火箭被骂走从水面引出的人物；进入小夫做的模型场景里，有种不知道是3维还是实景加动画的错觉；还有初次变小时所做的主观镜头畸变，能感觉到制作组的用心～作为翻拍类新剧场版，新增加的角色并没有起到什么作用；中间一定要找回缩小灯，还以为会大改因为缩小灯失效才赢的设定，最终还是走回了原版故事的套路里。小夫的角色写得更有人物弧光了，虽然原版也有独裁者，但是小孩问“爸爸，什么是独裁者啊？”有点点睛。#不知道是不是音响的原因，有好几处出现了只有字幕，没有说话的画面，在北京的我可是专门跑到大兴区来看的……",3
2022-05-31 20:39:49,ACE,四星,那一天，匹里卡星回忆起了被巨人们支配的恐惧。,8
2022-06-02 15:48:17,珠我好运,三星,剧情偏幼齿，不过类似1984的剧情设置还挺有意思。,0
2022-06-05 09:11:10,马828,无评价,小孩子看的,0
2022-06-03 18:55:01,花渡,三星,虽说是大熊的小战争，但人物成长弧光完全落在了小夫和帕比身上，不过这依然无伤大雅。「夺权式的战争」必然是有一方象征独裁，另一方象征人民。可是天降巨人的处理方式却大大削弱了人民群众在战争中的作用，反而是强调了个人英雄的决定性作用，这点出现在寓教于乐的哆啦A梦身上很是遗憾。「需要英雄的国家才是不幸的。」P.S.部分镜头画风很惊悚，惊悚的莫名其妙。,1
2022-06-01 19:57:29,钱坤一,四星,一方面，帕比只有八岁，但是正经大学毕业，小学生都不如的吉尔莫亚将军是取代不了的；另一方面，自由并非天赐，当然要靠ピリカ星人民的自我争取，但也离不开哆啦A梦这些“球外势力”的帮助。小夫的整备师技术不错、胖虎等人变身巨人与德拉哥鲁鲁无人机群的战斗，想起了EVA旧剧场版《Air/真心为你》中，明日香开二号机的场景~,0
2022-05-31 21:37:16,豆瓣路人己,三星,心好寒，哆啦A梦已经只能靠不断重复自己来出新，甚至还没有原来有趣。（粉丝心态多1星,1
2022-06-01 21:13:52,阿卜,三星,老了，真的不适合看了。进门对的暗号还蛮有意思的。,1
2022-05-30 22:40:09,千阳瑜,三星,大雄遇到了幼儿版神秘博士，跟他一起打倒老大哥，期间顺便看了一下进击的巨人和金刚,3
2022-06-03 18:45:22,小植野,二星,太无聊，太聒噪，太儿戏，太俗套。基本无亮点，唯二能让我看下去的只有诹少配的军官和梶裕贵继齐木楠雄之后又一次配话唠，不如多画一段板野马戏，反派死于话多亘古不变。,1
2022-06-03 09:43:24,林皮雅,二星,四岁半的儿子看完告诉我，这部电影他晚上回家要做恶梦，感觉很差。所以目的是带娃看的，请慎重选择观看！慎重！！,0
2022-05-30 13:14:08,一只橘子,五星,很好看，静香和小夫的人物更丰满了,1
2022-05-29 13:24:21,悟空&憨豆,四星,视听效果全面升级，将原作部分情节调整顺序后进行原创，故事更加精彩，最终多线合并的高潮部分绝对碾压老版。问题是，原作中对人物的刻画是较为简略的，而新版则花了大篇幅讲述角色间的友情与亲情，可由于编剧笔力有限，结果反倒显得有些矫揉造作，可惜了。而且老版中对经典科幻的致敬没有保留下来，是个遗憾。,0
2022-06-04 22:56:26,玄猫,三星,在蓝胖子的剧场版漫画中我最喜欢的就是“小宇宙”这一集，但这个新版真的很让人失望，除了随时代进步的画质和技术外，剧情和内核上没有任何进步的东西对日本特摄片的致敬、对《星球大战》的调侃、对军国主义的反思，都被弱化了就，欢迎加入冷饭大家庭吧【6.2】,0
2022-06-02 19:42:31,空条奈奈,四星,感谢6月能上映这样的电影，大小朋友看得很开心。任意门缩小灯永不迟到，元素很足，太空战争，金刚巨人，老大哥，反独裁等等。,0
2022-05-28 22:47:38,白日梦想家,四星,这一部连静香都开战斗机打仗了！哈哈哈哈哈哈～,3
2022-05-29 10:20:16,梦里诗书,三星,新《哆啦A梦：大雄的宇宙小战争》是一次对85版同名剧场版的改编翻拍，电影虽然没有循规蹈矩的去完全复刻原作在主线之外，对原有剧情做出了一定的改编，但遗憾的是，面对原作芝山努导演和藤子·F·不二雄编剧，新的导演编剧完全没有站在巨人肩膀上的能力，生硬的删改破坏了人物情感，使电影反逊于前作。,2
2022-05-30 22:22:18,玩儿少,三星,又是一部老版剧场版的翻新，技术得到了提升，在onyx厅看的很清晰，但是没有新剧本的话，感觉还是平庸了点,0
2022-06-04 22:56:30,i_chips,三星,失败改编,0
2022-06-04 14:51:11,Jacques,四星,在今天这个特殊的日子里，看了一个超出小孩子理解能力的动画电影，而且音效和氛围比较吓人，不推荐低龄孩子观看。即便用我们这些天审视教材的苛刻水准，也挑不出什么毛病，可惜中年人已经对这种剧情免疫，很难沉浸在想象世界中。影院萧条，好像只剩下一个检票员，票价挺高，而且没人看，我是包场。,1
2022-05-29 18:02:30,今生、唯爱,三星,同盟军就是摆设的存在，但终归被一锅端也是因为大雄他们的责任。反派的谋略和战斗智商都对得起一个成年人该有的模样。前半段幼稚的快睡着，后半段扭转过来内核是反抗，天赐我们自由！,1
2022-06-01 08:15:27,馥雅,三星,子供向剧情，在俄乌战争大事件下看儿童电影中的战争，希望世界和平，自由早日回归人民。,3
2022-06-02 22:18:15,上杉夏箱,四星,发动群众革命，联合特摄阶级，推翻封建官僚军政府反动统治！,0
2022-05-28 22:23:55,流星雨Louis,四星,翻拍自1985版小夫大雄附体，打酱油出木衫，时刻不忘洗澡静香,4
2022-06-04 16:28:24,穿裤子的云,三星,哆啦A梦的世界里是那么的美好。,0
2022-06-04 16:24:59,BridgetShen,四星,欢欢乐乐，蓝胖子和大傻子，说的也太直白了哈哈哈哈,1
2022-06-05 16:42:17,JenIna,无评价,陪3岁9个月的儿子看了他人生第一场电影。但这里面也太多静香洗澡的镜头了吧？而且还设计了静香被大炮射臀部的镜头，你换个谁不好？？？,0
2022-05-28 21:00:05,密林航空曲,四星,联手打败老大哥，天赐我们自由！,3
2022-05-28 22:47:33,卤鸡腿,五星,反战先锋哆啦A梦！天赐我们自由！,7
2022-05-29 22:45:16,fled,四星,20220529 @七巧国。 也许小朋友们能学到什么吧,0
2022-05-31 15:33:10,-Melos-,五星,五月最快乐的一天，因为哆啦A梦,2
2022-05-28 14:19:11,卡顿,四星,#带娃看电影 这个反独裁的剧情设定…只能说不太适合4岁小朋友…别的还是不多评论了…,1
2022-05-28 12:53:00,oozy,三星,基本上每年的剧场版都陷入了一个套路，换个题材内核及剧情都是一个复制粘贴的，本次也缺乏想象力，甚至剧作上都是非常平庸，反转也是非常随便，但无论如何也是最近唯一能看的新片了。7,6
2022-06-05 07:50:10,带鱼先生,三星,哆啦A梦也搞1984,0
2022-05-31 23:20:13,琥珀,三星,大雄是傻人有傻福的绝对代表人物哈哈哈,1
2022-05-28 18:31:05,zeroasd123,三星,浪费剧本和制作资源的典型，山口晋就是个废物，从高达AGE以后蛰伏十年还是这么个熊样，所以为什么能做的这么平铺直叙毫无感染力?简直和老年人动漫一样脱离时代，就这种水平活该被业界淘汰。,3
2022-05-30 10:57:38,CaptainEcho,五星,每年儿童节都有哆啦A梦真幸福呀,1
2022-06-05 14:06:49,海月梦香,三星,可以说是近年最差的哆啦A梦剧场版,0
2022-05-31 23:29:55,勇敢生活,三星,整体质量中规中矩，感觉不如2020年那部新恐龙。最后的大战没有预想的那般热血沸腾，更像是通过缩小灯的效果退去后来让主角团反败为胜，逆转局势，有点靠天命而非尽人事的感觉，本来我以为逃走的大雄会想方设法拿回缩小灯来挽救众人，这一点有些失望。配音这块，换回了2016-2017的北斗班底，大体上与以往相同，常蓉珊的大雄比起黎筱蒙的版本要好一些，黎筱蒙我印象中比较容易破音。山新的哆啦A梦声音比起以往的版本要尖锐一些，这样的演绎有利有弊，也许更贴合人物塑造，不过对习惯以前版本的观众而言暂时不太适应。不过比起前三年用陈美贞来陆配里混搭，全内地配音阵容自然更为和谐兼容。,0
2022-06-05 16:56:30,荔枝昵称违规,无评价,穿过大半个宇宙送革命。,0
2022-05-30 16:55:54,吃饭或正在吃饭,五星,开始反思是不是被近几年的哆啦剧场pua了，以至于这部质量在意料之外就变成了浓烈的喜欢。终于回归了纯粹的爱和自由主题，感动在小夫，在于我们必须要面对的恐惧里，我们仍有选择，这类选择的原因传递得正是影片所想诉诸的“利他主义”。观影感受就像看着自家沉闷二十几年懦弱的孩子，突然某天捍卫起了自己内心想法，个性了起来，有了足够鲜活起来的缘由。大雄石头帽摘不下来是番剧里的一个梗，最后因为一场雨才得救。不再凸显大雄的软弱，不再给予人仅凭运气就能获得他人救赎的愚蠢希望。每个角色都不再只凭语言获得了性格。流落街头真实、少年总统真实、天赋真实，所以善良和自由足以逆转也真实。洛克太可爱了！在巨人出现时大笑不止，有读格列佛游记的奇幻，大饱眼福，歌也好听。自由气息里，这是一场革命，天赐我们自由。,1
2022-06-05 17:11:41,凡凡不在家,三星,影片受众定位太过明确，以至于低幼简单朴素道理，令全片乏善可陈，情怀分加持，将将迈过及格线。故事内核，实则讲述一场失落王子/总统，如何在哆啦A梦一行人的助理下， 实现卫国战争、拯救黎民苍生的故事。影片书写爱民之大爱，歌颂明君，反对军事独裁的努力，值得称赞，但从故事呈现，到后续发展，都显得套路满满，尤其最近看了一系列漫威电影，这种彰显男性气质，突破自我成长的故事，以及灭掉大反派的斗争方式，都显得太过平庸。如果从特摄片角度来说，影片有些突破性，比如小夫在开篇想拍摄一部科幻特摄片，结尾，他完成了对这一影像的建构。首位闭合，从日本特有影像种类来说，影片这种自反性值得夸赞。但影片较强的社会性议题关照，明显偏离对影像本质追问，或者说创作者们并无心插柳，只想对小朋友们进行一场公民自由民主精神的素质教育课。,0
2022-06-01 01:54:31,Taylor Hsu,三星,天賜我們自由！向六月致敬🫡,1
2022-06-04 18:21:53,吃菜不吃呱,三星,自由在哪个星球都是要追求的呀,0
2022-06-04 16:24:59,BridgetShen,四星,欢欢乐乐，蓝胖子和大傻子，说的也太直白了哈哈哈哈,1
2022-06-01 01:26:44,熱煙帶雲,三星,想起去年也是这个时候在影院看了《哆啦A梦》，和朋友有說有笑，今年就自己一個人啦，「天賜我們自由」，在廣州街頭溜達。5.28,0
2022-05-29 21:44:57,Ecane,三星,这也…太政治童话了吧…而且根本就是非黑即白的好人坏人故事，换个星球讲人类历史有什么创意吗？,0
2022-05-29 23:50:46,1874,三星,我真的老了。,1
2022-05-29 02:00:22,恃南林以司,五星,在电影院里又一次回到少年时代偷买剧场版漫画的感觉，真让人热泪盈眶。为自由高歌时候各种恶政隐看得让人满头大汗为电影命运担忧不已，评论都在说子供向问题，可哆啦的故事本来就是极致想象力和极简信念的和一，是工具理性转向沟通理性的实践表达，可能它的道具屡屡被削弱，但故事中的纯真和有趣真的太适合这个郁结的夏天了,2
2022-05-28 21:00:05,密林航空曲,四星,联手打败老大哥，天赐我们自由！,3
2022-05-29 22:45:16,fled,四星,20220529 @七巧国。 也许小朋友们能学到什么吧,0
2022-05-31 01:22:55,需要毅种力量,三星,纯儿童向，在电影院看的，一帮小孩子吵吵闹闹的。,0
2022-06-03 18:45:22,小植野,二星,太无聊，太聒噪，太儿戏，太俗套。基本无亮点，唯二能让我看下去的只有诹少配的军官和梶裕贵继齐木楠雄之后又一次配话唠，不如多画一段板野马戏，反派死于话多亘古不变。,1
2022-06-04 17:37:17,Lady Raven,无评价,应该不会再想看哆啦A梦了orz 影院居然还抽小玩具，感受了小朋友的快乐⸂⸂⸜(രᴗര๑)⸝⸃⸃,0
2022-06-01 22:53:19,Black sheep,三星,（6.5）“天赐我们自由！”🇺🇦,0
2022-06-03 09:43:24,林皮雅,二星,四岁半的儿子看完告诉我，这部电影他晚上回家要做恶梦，感觉很差。所以目的是带娃看的，请慎重选择观看！慎重！！,0
2022-05-28 14:19:11,卡顿,四星,#带娃看电影 这个反独裁的剧情设定…只能说不太适合4岁小朋友…别的还是不多评论了…,1
2022-05-29 20:21:19,Geally's Drama,三星,睡了一分钟,0
2022-05-29 21:35:58,KID Y,三星,6.0 沾点太空歌剧沾点特摄沾点反强权但合起来什么也不是，开场的微观宏观视角转换堪称惊艳，到后面就只剩下敷衍了。,0
2022-06-03 22:38:59,Mickey,二星,里边那只狗太像京东了...,0
2022-04-07 00:49:43,Eureka,五星,为友情而战，总能打动人。,9
2022-05-30 19:34:57,Sa liberté,四星,视觉效果很好，完全合格的作品，时看时快乐。,0
2022-06-04 16:23:47,水御龙神,三星,玩梗不少,0
2022-06-02 19:07:37,无糖吐槽,二星,在大街上开坦克也太招摇了,2
2022-05-28 21:15:33,陆泓旭,三星,独裁者的智囊团宛如智障，想打一场舆论战，只要把哆啦A梦说成是帕比勾结的境外势力，哪儿还会有群众起义呢,9
2022-06-03 19:53:54,zilingfei,三星,长大后这种幼稚的剧情实在看不进去了，不过孩子喜欢看，以后可以继续陪她一起看也不错。,0
2022-06-03 18:20:40,状况不明,三星,比秩序更可贵的是自由，比自由更可贵的，是孩子的心。,0
2022-05-29 21:18:45,sleepy Mia,三星,不怎么好看，但又看得挺开心的。,0
2022-05-28 13:58:55,张大一,二星,天，赐我们自由！！,5
2022-06-01 14:39:07,YD,三星,困死了六一节快乐🙂（安慰自己）,1
2022-05-29 00:24:11,今天只做一件事,二星,复杂的心情写下。相比于柯南的“动作爱情”，大雄他们还是保持着一样的性格、爱好和   剧本。可是我已经到了无法忍受大雄懦弱的年龄了。,1
2022-06-02 13:27:50,Z.A.Jevin,四星,这几年的剧场版就没落下过！今年也会去看！！！p.s.和lyt看的第一部哆啦A梦剧场版,1
2022-05-29 15:48:24,elwing,三星,哆啦A梦终于走向外太空了……我睡得好爽，小酒看得开心就好,0
2022-05-29 14:01:00,fw郑景仁,二星,很煎熬的观影体验。纯纯子供向动画片，看的我尴尬症都犯了，剧情、服装剽窃《星球大战》，但是动画设计还是比较赛博朋克，不过照今年的《熊出没》大电影还是差点，还有就是歌曲挺好听，其他的我实在夸不来了,2
2022-06-02 13:54:46,豆瓣铁粉,三星,看个情怀，旁边的大哥看得很开心,0
2022-05-28 18:09:34,Kevin Wayne,三星,后半段还是值得一看的，童年的回忆又回来了，但还是希望多一些奇妙的道具，这部里有些边缘化了。,0
2022-06-05 14:35:40,唐某人,四星,真的很适合小朋友，大人慎重考虑,0
2022-05-30 00:15:00,月鱼,二星,我真无语。听力练习都无聊的程度,0
2022-05-28 21:04:23,hgsdg,二星,太长了。,0
2022-05-31 15:27:52,hellohaoyu,三星,说实话，挺无聊的。但是或者孩子们会们记得：上天赋予我们自由！,0
2022-05-28 14:26:57,宅男多才,四星,1985年同名剧场版重制版，这次重制版加了一个新人物——一个女外星人皮娜 男外星总统的姐姐，跟静香长得很像。重制版情节略有改动，音效、作画可以了 战斗场面燃爆，部分地方音响震得座椅和脚底都能感受到微微振动。开头哆啦A梦一出来就让我感动了，熟悉的味道（ps：由于这次哆啦A梦国语配音不是陈美贞了 所以看的日语）,0
2022-06-05 00:25:22,小金,三星,去年是暖心的温情的大雄和奶奶的故事，今年回归了小分队奇思妙想拯救世界的娱乐剧情，小夫静香变巨大从海上来致敬哥斯拉，胖虎变大之后跳飞机捶胸致敬金刚，赞！,0
2022-05-28 21:47:06,正义B胜,三星,厅里六七个人，加我全是岁数不小的直男……,0
2022-06-03 18:13:22,cai,无评价,北京电影院复工看的第一部电影，看到人们走上街头高喊天赐我们自由，哎。缩小灯真好啊，可大可小，静香在海里变大那一幕真好看。,0
2022-05-29 12:25:58,joysun,四星,2022年了我们还在为大熊老师1985年的动画感动，只不过以前是我一个人看，现在带娃一起看。,0
2022-05-28 20:54:14,呜呜渣渣,三星,童年滤镜,1
2022-05-28 14:47:12,Diplodocus,三星,0-12岁，成年人就别凑热闹了。,6
2022-06-02 22:41:32,全唐人狂朝,三星,还行吧，一般般，搞笑程度还有剧情有趣度来说都是一般还行的程度。我更喜欢银河超特急~,0
2022-06-04 17:13:42,青麦,三星,比想象中好看，适合6.1,0
2022-06-02 17:27:04,Vans,三星,剧本是俗套的王子复仇记，但是还是那么中二又热血哈哈哈,0
2022-05-28 17:35:51,小可,三星,普普通通，没啥亮点，看着想睡,2
2022-05-31 08:23:34,yuan,三星,哆啦A梦致敬进击的巨人。开玩笑啦，下面讲认真的：如果我们放弃相信公平、正义、自由、良善可以让世界变得更好，那我们终将失去所有。,0
2022-05-28 20:11:16,musair,四星,相比大山版是改了不少，挺多大场面，那个反派Dorakoruru好帅，插入曲好像是[ココロありがとう]也挺好听的,1
2022-05-28 17:30:34,the day,四星,有那么点无聊，但也有感动，有治愈，有友情，勇敢，也有今日和朋友一起冒着雨去看电影的回忆，不要害怕，一定可以做到的！（今年在电影院看的第一部电影，明明早上心情糟糕的要命，但是大家都那么好，我心里都知道，但真的不知道该怎么传达我的心情，加油加油，会越来越好的，会实现梦想的）,0
2022-05-28 14:40:17,obsever,四星,绝对是成功的改编，相比原版更胜一筹，甚至对原版的细微改编还升华了主题，果然哆啦剧场版重制从不让我失望。（反观近些年欧美的各种翻拍，真是让人无语）   而且在当今主流动画片中还能看到人们呼喊着“天赐我们自由”走上大街游行、企图抹杀共和的独裁者的称帝闹剧黯然落幕，真是莫大的幸福！,1
2022-05-29 21:31:45,说给青鸟,四星,2022.5.29 我以前最喜欢的剧场版之一啊！希望新版不要让我失望呀 和大卫 jb 金泽权一起来看 我本来的话肯定是昨天首映就来看的 但他们都没空只好买在今天了 昨天那么多活动都没享受到唉 其实还是老版的好看点 因为这部感觉比以前幼稚好多 感觉更低龄化了些 剧情倒是近乎一致的 也没什么好新奇的 就是外星人降到地球被追杀 后来决定帮助外星人夺回外星,1
2022-06-01 00:52:35,Noname,四星,我感觉本来就挺好的。说政治童话不行，《格列佛游记》也本来就是政治童话。说镜头不行，开头3d的特摄确实一直不是哆啦系列的长处，但大小人在一起的时候，选择的视角都是2d作画中挺难画的视角……看了《神奇动物》后，我反而觉得这政治戏写得比那好多了……但前半段确实太日常枯燥了，铺垫过多，显得节奏慢了。但后半段静香和小夫的塑造都挺不错。（彩蛋还有艾伦呢）,1
2022-05-28 22:25:58,Thor,三星,这剧情真的太低幼向了，只适合小朋友看了,1
2022-05-28 15:54:04,东宫六爷,四星,天赐我们自由 ！打倒读裁者吉尔莫亚！,5
2022-06-02 09:12:52,KAI·甜妹爱睡觉,四星,同样是年更为什么蜡笔小新剧场版的质量能经久不衰，本该更具创造力想象力的哆啦a梦剧场版却每年都在吃老本和质量下滑呢,2
2022-06-03 21:19:51,五尺天涯,二星,无聊🥱,0
2022-06-04 09:40:44,xiao7,四星,小孩子很喜欢,0
2022-05-29 20:27:57,Jagger丶,三星,虽然是子供向作品，但是哆啦A梦的剧场版给我的感觉却一点都不小孩子气，有几部的格局甚至非常的高。这部不知道是不是剧情改编的问题，给我的感觉就是一部纯粹的子供向了。少数几个有亮点的地方都还是原本剧情就有的。,0
2022-05-31 22:09:50,星鑫,三星,可以说很应景了，在这样的时间段在国内上映~,1
2022-06-03 20:32:36,痘涌,四星,自由,0
2022-06-04 19:47:26,EeeFThen,四星,小孩子的电影，就用小孩子的心态去看吧，别做一个烦人的大人。,0
2022-06-01 12:01:56,齐齐齐齐,四星,大雄在这一部中很难得没有太反面的形象 反而是小夫更脆弱 反对独裁的题材让儿童知道自己的选择是多么重要p.s:没有人会不想看静香洗澡吧,1
2022-05-28 18:56:55,薛玉茗,四星,被好多友情相关的小点感动了，以及诹访部顺一的声音好有魅力,0
2022-06-03 11:44:42,不懂,五星,找回童年的感觉，剧情我觉得还行，毕竟是合家欢的电影,0
2022-05-29 17:29:59,Lujor.,三星,6/10 最后的进击巨人+金刚+绿巨人有点好玩hhh,0
2022-05-29 22:25:25,没灵魂但还活着,三星,反毒菜,0
2022-06-01 21:52:30,小猫猴子,三星,这部真的很无聊,0
2022-05-30 10:50:01,赵奕陶,五星,还行吧，童年的回忆,0
2022-06-05 09:53:10,陈骁士,一星,小男孩的英雄梦。成年人看略无聊了。,0
2022-05-28 16:58:35,莫名其妙先生,三星,出木衫：我去上个补习班怎么就错过剧场版了。U•ェ•*U,2
2022-05-29 22:35:03,Ron,二星,剧情俗套，逻辑漏洞，好歹是出《1984》。,0
2022-05-30 22:22:35,无症状快乐患者,五星,2022.5.30 晚 欢乐汇被低星评价打了预防针，完全超出预期。电影最重要的是讲故事流畅，节奏紧凑但不仓促，至于其他主次分配与致敬，都是服务于故事的。看到四十分钟时居然有一个小时的观感，我就清楚这片的质量了。本作正反派的智商斗法，真有战争的感觉，比之前过家家高不少。帕比、长官和小夫都塑造很突出，静香又一次表现亮眼。大雄在剧情上边缘化，所以没有煽情和嘴炮。遗憾的是最后扭转战局太靠运气，不过确实挺爽的。《少年期》不是我的童年回忆，所以没有也无所谓，强行致敬反而不美。只要名台词还在，故事的魂就在。,1
2022-05-28 21:21:09,Ely & Nepomuk,五星,感谢每年都有那么一刻可以乘坐时光机回到童年。,1
2022-05-30 19:57:07,尚墨1111,三星,emmm俗套的剧情，强行煽情的节奏，，，，不妨碍《哆啦A梦》带来的满满童年回忆。。。,0
2022-05-29 17:16:02,温岭阿浪,三星,没什么亮点，没什么惊喜，和大部分剧场版都差不多，没啥特别之处。三分钟一段说教，五分钟一碗鸡汤，有些多了。不过优点也是有的，比如小夫这个团队中最没存在感的角色，在本片中戏份十足，几乎已经取代大雄成为主角了。尤其和静香那诸多的对手戏，活脱脱是一对新CP。小夫这身绿衣服简直是在挑衅大雄啊。直到结尾他们还是没能取回缩小灯，只能靠时间拖到了这种方式来反转。反派开枪射击，子弹都把绳子打断了，居然还碰不到人。机械降神的痕迹还是比较明显的。,2
2022-06-02 20:01:45,陆十七,三星,动漫版科幻片,0
2022-06-01 22:51:47,西城以西的旧梁,三星,剧情确实只能给小孩子看,0
2022-06-02 12:33:16,然然然然皓,四星,豆瓣白嫖可惜了完美世界4号厅那么好的配置死活不愿合作蓝胖子分镜头转场一直还可以剧情嘛，子供向啦好几年国配都是北斗企鹅工作室在接然后山新的蓝胖子像个夹舌子说话说不清挺突兀的,1
2022-06-02 15:36:24,MissJasmine,五星,虽然看得我一度睡着，但是茉莉津津有味地看完了。在茉莉身上我总能看到自己的影子，希望你快乐长大~,1
2022-06-04 09:13:31,⠀,无评价,和jy看的第二部哆啦A梦电影，感觉这一部还是更适合中学以下的小朋友看。去年的电影版是真的真挚动人。,0
2022-06-04 20:03:33,Y_moon,四星,乍看没什么问题，但是不会爱的一部电影。没看过老版，只是觉得故事陈旧没有更深一步的东西，搞笑吧也不怎么搞笑，大雄的存在感也比较低，还有点低智，但凡他们第一次去找反派的时候不变小，这个故事就无了。不过制作没问题，我这里给6.8分，四舍五入一下就四星吧。,0
2022-05-30 21:42:35,ShirleyDBL,三星,有些子供向啦，人物普遍没什么印象，包括主角（没有说子供向不好的意思），印象比较深的角色居然是敌方那个将军一样的角色，还知道保护自己的部下，那个反派总统没品的要死，毫无优点。最后的战斗场面居然是他们手撕，我真的会笑，还有那个把敌方小坦克当枪使，笑死了。,0
2022-06-01 21:25:09,4AF,四星,对于小学生来说可能有点幼稚 但对于大人来说刚刚好～,0
2022-05-28 19:24:35,山姆文森特,三星,重制版作品，与旧版相比，丰富了很多剧情线，补充了不少细节，人物形象也更加丰满，这点还是比较肯定的。但相对来说旧版的那种看似中二而又激情的感觉少了很多，原本丰富的笑点转而用洛克洛克狗的话痨来承包，而剧情相对来说没有那么紧凑，原版的比利卡星人吟唱的插曲也没有了。本想在大荧幕回味的，这一番大改动改得还是让人有点遗憾。,0
2022-05-31 16:45:18,薛自尘,五星,去看之前已经做好了心理准备要么打一星不然就是五星好评了，没想到这次的剧本好太多了！小夫形象丰满了，静香也参与战斗了。还有就是巨人粉狂喜。敌方输在了他们没有立体装置哈哈哈😂,0
2022-06-02 00:20:52,槐序漫兴,四星,相比前年的伴我同行，剧情更儿童化，原始画风果然最棒。努力，乐观，独裁者的审视，恐惧和虚伪，天赐我们自由！！,1
2022-06-04 00:46:12,畢之汝戀,二星,同一个剧本玩弄40年,0
2022-06-04 17:27:53,小青龙🌈,三星,7。天赐我们自由。,0
2022-05-31 12:34:35,潇芙,三星,还行,0
2022-05-31 21:04:28,TargetedDrug,三星,虽然是给小孩子看的，但是也太子供向了,0
2022-06-03 22:13:09,Elenore,三星,这是可以看的么,0
2022-05-29 16:14:12,凤梨拿铁,三星,太长了，一个小时就能演完，非要拖到快两个小时，小朋友都觉得无聊，还不如回家写作业。,0
2022-06-05 17:09:35,江湖马子,三星,额 写得好无聊,0
2022-05-29 12:13:37,モモコ,四星,跟哆啦A梦其他的电影一样,1
2022-06-02 19:40:51,考古小站,无评价,2022.06.01With徽徽~,0
2022-05-28 20:49:31,李气清,四星,2D的《哆啦A梦》果然比《伴我同行》带感多了，全程节奏基本拉满！看的过程中我想起来小时候是看过1985年的原版的，但确是遥远的回忆了。这种中二动画偶尔看一部太能释放情绪了，正好还有特摄和巨人，也算弥补没法儿第一时间看到《新·奥特曼》的遗憾了。话说胖虎日文原名就是“巨人”的意思吧。,0
