八达岭长城,北京市延庆区G6京藏高速58号出口,5A,4.1,40,424
颐和园,北京市海淀区新建宫门路19号,5A,4.1,30,426
圆明园,北京市海淀区清华西路28号,5A,3.8,10,402
北京野生动物园,北京市大兴区榆垡镇永定河畔的万亩林,4A,3.5,143.8,2081
天坛公园,北京市东城区天坛路甲1号,5A,4.0,14.8,306
北京动物园,北京市西直门外大街137号,4A,3.6,14.4,616
北海公园,北京市西城区文津街1号,4A,3.8,9.6,364
故宫博物院,北京市东城区景山前街4号,5A,5.0,57,388
北京欢乐谷,北京市朝阳区金蝉西路东四环小武基北路(四方桥东南),4A,3.6,296,372
恭王府,北京市西城区前海西街17号,5A,3.7,40,42
景山公园,北京市西城区景山前街景山公园,4A,3.7,2.5,68
慕田峪长城,北京市怀柔区渤海镇慕田峪村,5A,3.5,40,62
香山公园,海淀区买卖街40号 ‎,4A,3.6,9.5,174
明十三陵,北京市昌平区十三陵镇昌赤路,5A,3.6,0.7,30
国家植物园北园（原北京植物园）,海淀区香山卧佛寺路北京植物园,4A,3.5,4,290
北京海洋馆,北京市海淀区高粱桥斜街乙18号,4A,3.5,175,36
潭柘寺,门头沟区潭柘寺镇,4A,3.5,50,202
北京大观园,西城区南菜园街12号,3A,3.8,55.5,12
龙庆峡,北京市延庆区旧县镇古城水库,4A,3.5,40,224
八达岭长城缆车,北京市延庆区G6京藏高速58号出口,5A,0.0,48,2
金海湖风景区,北京市平谷区金海湖镇海子村北,4A,3.5,39,442
玉渊潭公园,北京市海淀区西三环中路10号,4A,3.6,2.3,50
十渡风景区,北京市房山区九渡大街9号,4A,3.6,36.8,10
水关长城,北京市延庆区八达岭镇石佛寺村,4A,0.0,35,12
黄花城水长城,北京市怀柔区九渡河镇西水峪,4A,3.5,58,142
故宫礼物,北京市东城区景山前街4号,5A,0.0,128,47
北京世界公园,丰台区花乡丰葆路158号,4A,3.5,0.3,10
京东石林峡,北京市平谷区黄松峪乡雕窝村73号,4A,3.5,68,156
孔庙和国子监博物馆,北京市东城区安定门内国子监街15号,4A,0.0,0.5,8
奥林匹克公园,北京市朝阳区北辰东路15号,5A,3.7,0.6,6
怀柔青龙峡,北京市怀柔区怀北镇大水峪村北500米,4A,3.5,54,208
北京天文馆,西城区西直门外大街138号（动物园对面）,4A,3.6,72,2
仙居谷,密云区太师屯镇令公村松曹路,4A,3.5,36,6
中山公园,东城区中华路4号(天安门西侧),4A,3.6,3,12
雁栖湖旅游区,怀柔区怀北镇雁水路3号,4A,3.5,1.8,190
京东大峡谷,北京市平谷区山东庄鱼子山村,4A,3.5,75,146
石景山游乐园,北京市石景山区石景山路25号,4A,3.5,10,82
北京汽车博物馆,北京市丰台区南四环西路126号,4A,0.0,20,34
首都博物馆,北京市西城区复兴门外大街16号,4A,3.6,2.2,34
中国紫檀博物馆,北京市朝阳区建国路23号（地铁1号线四惠东站向东500米）,4A,3.5,9,46
八大处公园,北京市石景山区西山风景区南麓八大处公园,4A,3.6,10,102
地坛公园,北京市东城区安定门外大街东侧,4A,3.6,2,96
红螺寺,北京市怀柔区怀柔镇卢庄村北红螺东路2号,4A,3.5,62.2,76
居庸关长城,北京市昌平区南口镇居庸关村,4A,3.6,1.1,4
中央电视塔,海淀区西三环中路11号,4A,3.6,75,79
北京明城墙遗址公园,北京市东城区崇文门东大街9号,4A,0.0,10,93
陶然亭公园,北京市西城区太平街19号（护城河北岸）,4A,3.6,0.4,44
温都水城,北京市昌平区北七家镇郑各庄村王府街55号,4A,3.5,119,41
八达岭古长城（残长城）,北京市延庆区八达岭镇东沟村,3A,0.0,54,8
蟒山国家森林公园,北京市昌平区蟒山路2号,3A,3.5,30,50
司马台长城,北京市密云区古北口镇司马台村北,4A,3.8,40,16
北京国际鲜花港,北京市顺义区杨镇红寺村北,4A,0.0,30,26
北京野鸭湖国家湿地公园,北京市延庆区康庄镇刘浩营村西,4A,3.5,48.9,186
乐多港卡乐星球,北京市昌平区城南街道旧西路（西关环岛西2公里）,4A,0.0,380,90
中国人民抗日战争纪念馆,北京市丰台区卢沟桥宛平城内街101号,4A,3.5,2.6,48
云居寺,大石窝镇水头村云居寺,4A,3.5,0.5,6
黑龙潭风景区,北京市密云区石城乡鹿皮关,4A,3.5,56.1,46
凤凰岭,北京市海淀区凤凰岭路19号,4A,3.5,25,8
天津方特欢乐世界,天津市滨海新区中生大道4888号,4A,0.0,140,248
瓷房子,天津市和平区赤峰道72号(近和平路商业街),3A,4.1,50,4
天津海昌极地海洋公园,天津市滨海新区响螺湾商务区61号（近海门大桥）,4A,0.0,235,84
天津之眼摩天轮,天津市河北区三岔河口永乐桥上,4A,0.0,70,30
天津欢乐谷,天津市东丽区东丽湖旅游度假区东丽之光大道,4A,0.0,197,146
大沽口炮台遗址,天津市滨海新区塘沽东炮台路1号,4A,3.7,24.3,4
国家海洋博物馆,天津市滨海新区荣盛路与海轩道交叉口,4A,0.0,89,4
天津古文化街,天津市南开区，南门在水阁大街与古文化街交口，北门在通北路与古文化街交口,5A,4.2,0.5,2
东疆湾沙滩景区,天津市滨海新区东疆港保税区山西路东疆湾景区内(近渤海石油),4A,0.0,598,79
天津盘山风景名胜区,天津市蓟县官庄镇莲花岭村,5A,4.0,75,36
意式风情街,天津市河北区，东起五经路，西至胜利路，南起博爱道，北至建国道,4A,0.0,64,70
五大道,天津市和平区成都道以南，马场道以北，西康路以东，马场道与南京路交口以西的一片长方形地区,4A,0.0,1.5,2
天津泰达航母主题公园,天津市滨海新区汉沽汉北路269号,4A,3.5,220,2
大悲禅院,天津市河北区天纬路40号,4A,3.9,0.4,31
平津战役纪念馆,天津市红桥区平津道8号,4A,3.6,6,99
天塔湖风景区,天津市河西区卫津南路1号（近津溜公路）,4A,3.5,50,8
天津水上公园,天津市南开区水上公园北路33号,4A,4.2,0.5,58
蓟州溶洞,天津市蓟州区罗庄子镇洪水庄村北灵气山下,4A,0.0,88,60
梨木台,天津市蓟州区下营镇船舱峪村北梨木台风景区,4A,3.6,65,14
天山海世界米立方,小站镇天山路,4A,0.0,78,14
精武门·中华武林园,天津市西青区精武镇小南河村,4A,0.0,38,75
天津热带植物观光园,天津市西青区外环线七号桥北300米,4A,3.5,58.8,36
独乐寺,天津市蓟县城内武定街41号（古街西口）,4A,3.7,0.4,69
东丽湖恒大世博国际温泉,天津市东丽区东丽湖旅游度假区东丽大道1037号,4A,0.0,118,97
石家大院,天津市西青区杨柳青镇估衣街47号,4A,3.7,1.6,65
天津小站练兵园,天津市津南区小站镇津岐公路东小站练兵园,3A,3.5,40,71
天津武清绿博园,天津市武清区下朱庄镇南湖公园风景区,4A,0.0,33,50
光合谷旅游度假区,天津市静海县团泊镇新城东区光合谷旅游度假区,4A,0.0,0.5,4
宁园,天津市河北区中山北路1号,4A,3.8,1.2,74
杨柳青庄园,天津市西青区杨柳青镇北津同公路20公里处杨柳青庄园,4A,0.0,19,75
天津萨马兰奇纪念馆,天津市静海区团泊新城西区健康产业园,4A,0.0,60,69
九龙山国家森林公园,天津市蓟州区蓟州区城东穿芳峪境内,3A,3.6,32,4
东疆湾人造黄金海岸,天津市滨海新区东疆港保税区山西路东疆湾景区内(近渤海石油),4A,0.0,48,85
水高庄园,天津市西青区辛口镇水高庄村,4A,0.0,65,74
鸽子窝公园,秦皇岛市北戴河东山鸽赤路,4A,3.9,23,36
避暑山庄,承德市双桥区丽正门路20号,5A,5.0,65,44
天下第一关（山海关）,秦皇岛市山海关区东大街1号,5A,3.7,10,50
驼梁,石家庄市平山县驼梁景区管理委员会（平山县合河口乡前大地村）,4A,3.8,59.9,70
秦皇岛野生动物园,秦皇岛市北戴河区滨海大道,4A,3.5,90,58
白石山世界地质公园,保定市涞源县城南15公里处白石山景区,5A,3.7,130,36
天河山（中国爱情山）,邢台市邢台县白岸乡清泉村天河山景区,4A,3.9,64.9,80
天山海世界,石家庄市桥东区高新技术产业天山大街116号,4A,3.6,108,42
易水湖,保定市易县大龙华乡金坡村易水湖景区,4A,0.0,110,98
碧螺塔海上酒吧公园,秦皇岛北戴河东海滩路中段,4A,3.5,48,44
京娘湖,邯郸市武安市西北部山区的口上村北,4A,4.6,2.6,36
五岳寨旅游风景区,石家庄市灵寿县,4A,3.7,49,52
沕沕水,石家庄市平山县北冶乡,4A,0.0,59,54
北戴河,秦皇岛市北戴河区东部沿海区域,4A,5.0,23,40
新澳海底世界,秦皇岛市海港区河滨路81号,4A,3.6,68,36
正定隆兴寺（大佛寺）,石家庄市正定县中山东路109号,4A,5.0,49.9,16
东太行景区,邯郸市武安市活水乡202省道北台上村东南方向,4A,0.0,60,22
祖山风景区,秦皇岛市青龙满族自治县京省高速秦皇岛北出口青龙方向25公里处,4A,3.5,86,34
北戴河集发梦想王国,秦皇岛市北戴河海北路中段,4A,3.6,95,16
石家庄抱犊寨,石家庄市鹿泉市抱犊寨风景区,4A,4.4,58,42
狼牙山,保定市易县狼牙山风景区,4A,4.0,78,22
黄龙山庄旅游区,张家口市怀来县新保安镇于洪寺村黄龙山庄旅游区,4A,3.6,30,10
荣国府,石家庄市正定县兴荣路51号,4A,3.7,40,10
七步沟,邯郸市武安市活水乡七步沟村,4A,0.0,68,90
山海关角山景区,秦皇岛市山海关城北3公里,4A,3.6,0.6,10
苍岩山,石家庄市井陉县苍岩山镇,4A,3.9,59.5,52
曲阳虎山风景区,保定市曲阳县范家庄乡虎山风景区,4A,0.0,38.5,46
邢台大峡谷,邢台市邢台县路罗镇贺家坪村,4A,0.0,45,8
开滦国家矿山公园,唐山市路北区新华东道54号,4A,0.0,36,16
满城汉墓,保定市满城区中山西路,4A,3.9,8,30
九龙峡自然风光旅游区,邢台市信都区浆水镇营房台村,4A,0.0,49,8
双塔山,承德市双滦区滨河大街98号,4A,3.5,6,14
青龙山,唐山滦县新城西北约25公里,4A,0.0,32,8
白洋淀,河北省保定市雄州镇白洋淀温泉城码头游客中心,5A,4.9,0.8,2
普宁寺,承德市普宁路普宁寺,5A,3.7,0.38,55
清东陵,唐山市遵化市六盘营村清东陵支线,5A,5.0,0.8,43
金山岭长城,承德市滦平县境内,5A,3.7,61,38
沙雕海洋乐园,秦皇岛市北戴河新区滨海新大道D4段东侧,4A,0.0,499,49
冰塘峪大峡谷,秦皇岛市抚宁区大新寨镇梁家湾村东行约100米,4A,0.0,49,12
国安第一城,廊坊市香河县安平开发区中信国安第一城,4A,5.0,1,69
乐岛海洋王国,秦皇岛市山海关区龙海大道148号,4A,3.6,44,34
塞罕坝国家森林公园,河北承德市围场满族蒙古族自治县北部,4A,3.8,99,80
野三坡,保定市涞水县太行山与燕山两大山脉交汇处,5A,5.0,50,4
朝阳沟,武安市管陶乡朝阳沟村,4A,4.1,59.7,85
娲皇宫,邯郸市涉县索堡镇娲皇宫景区,5A,5.0,39.9,2
秦皇求仙入海处,秦皇岛市海港区南山街56号(近港口医院),4A,3.6,200,79
山海关孟姜女庙景区,秦皇岛市山海关区城东6.5公里的凤凰山,5A,3.6,0.7,32
渔岛海洋度假区,南戴河364省道黄金海岸南12公里渔岛附近,4A,0.0,65,2
新南戴河国际娱乐中心,秦皇岛市抚宁区南戴河旅游度假区沿海路999号,4A,3.7,368,4
国御温泉度假小镇,石家庄市藁城市藁新路6号,4A,0.0,148,58
承德大汗行宫,承德市丰宁满族自治县大滩镇,4A,0.0,6,96
潭瀑峡,保定唐县倒马关乡大石峪村,4A,0.0,38.9,8
白鹿温泉,石家庄市平山县温塘镇白鹿温泉度假中心,4A,0.0,79,10
南大港湿地,沧州市黄骅市南大港,4A,0.0,5,33
清西陵,保定市易县西陵镇,5A,4.3,107,8
黄金海岸,河北省秦皇岛市昌黎县黄金海岸,4A,3.7,108,94
广府古城,邯郸市永年区广府古城,5A,0.0,23.8,97
嶂石岩,石家庄市赞皇县嶂石岩乡嶂石岩村,4A,3.8,6,32
唐山南湖生态风景区,唐山市路南区丹凤路与明湖路交叉口路东,4A,0.0,35,87
梦东方•未来世界,廊坊市三河市东燕郊经济开发区迎宾路口往南3公里,4A,0.0,220,43
赵州桥,石家庄市赵县城南2.5公里处,4A,4.0,35,42
兴隆山景区,兴隆县大水泉乡,4A,0.0,98,32
兴隆溶洞,承德市兴隆县北水泉乡陶家台河北兴隆国家地质公园内,4A,0.0,6,96
丰宁坝上草原,承德市丰宁满族自治县大滩镇榆树沟,4A,3.8,200,72
菩提岛,唐山市乐亭县西南渤海湾,4A,3.8,6,47
联峰山公园,秦皇岛市北戴河区联峰路与剑秋路交叉口处,4A,3.6,23,10
吴桥杂技大世界,沧州市吴桥县京福路1号,4A,5.0,6,48
山叶口景区,迁安市大五里乡山叶口村,4A,0.0,19.9,86
天桂山,石家庄市平山县北冶乡,4A,4.3,32.5,8
黄帝城,张家口市涿鹿县矾山镇,4A,3.7,57,77
云梦山,邢台县冀家村乡石板房村北,4A,4.0,39.9,6
长寿山,河北省秦皇岛市山海关区东北9公里,4A,3.5,44,73
崆山白云洞,邢台市临城县山南头村,4A,5.0,110,4
天梯山,邢台市邢台县西黄村镇东牛庄村,4A,3.6,26,86
鸡鸣山,张家口市下花园区鸡鸣山旅游景区,4A,3.6,50,46
西柏坡,河北省石家庄市平山县西柏坡村,5A,0.0,288,82
磬锤峰景区,承德市承德县磬锤峰国家森林公园内,4A,0.0,25,76
沧州河间府署,沧州市河间市红牌楼街97号,4A,0.0,6,77
君乐宝优致牧场,石家庄市鹿泉市环镇北路5号,4A,0.0,1,80
野三坡鱼谷洞,保定市涞水县野三坡镇野三坡风景区中部,4A,0.0,65,54
邯郸长寿村,武安市活水乡长寿村,4A,4.1,6,75
北响堂山石窟,响堂山石窟北区：邯郸市峰峰矿区太行西路，响堂山石窟南区：邯郸市峰峰矿区宝山街与津泉路交叉口北200米,4A,4.9,6,74
唐山迁西县凤凰山旅游区,唐山市迁西县新集镇新集村,4A,0.0,46.9,61
景忠山,唐山市迁西县三屯营镇,4A,3.6,60,85
五台山,忻州市五台县台怀镇,5A,5.0,135,1474
云冈石窟,大同市云冈区云冈镇,5A,5.0,60,298
壶关太行八泉峡,山西省长治市壶关县桥上乡,5A,3.5,170,258
大同方特欢乐世界,大同市平城区南环路南侧3666号,4A,0.0,278,132
平遥古城,晋中市平遥县照壁南街58号,5A,5.0,123,28
太行山大峡谷,长治市壶关县桥上乡,4A,5.0,90,78
山西通天峡景区,长治市平顺县平顺虹梯关通天峡景区,4A,0.0,85,88
蒙山大佛,太原市晋源区罗城寺底村,4A,3.5,33,100
绵山,晋中市介休市翼家庄村,5A,3.8,158,28
太原动物园,太原市杏花岭区东山马路2号,4A,3.5,28,84
王家大院,晋中市灵石县静升镇静升村王家大院,4A,4.1,55,42
恒山,大同市浑源县东南郊恒山脚下,4A,3.8,45,52
云丘山景区,临汾乡宁县关王庙乡大河村、坂儿上村境内,5A,0.0,76,74
皇城相府,晋城市阳城县北留镇皇城村,5A,5.0,60,16
大同华严寺,大同市平城区下寺坡街459号,4A,3.6,50,22
张壁古堡,晋中市介休市龙凤乡张壁村,4A,3.7,66.8,10
天脊山,长治市平顺县,4A,3.6,50,24
藏山风景区,泉市盂县苌池镇藏山村,4A,4.2,72,18
娘子关,阳泉市平定县娘子关镇,4A,5.0,55,14
应县木塔,朔州市应县城内西北角,4A,5.0,46.7,8
永济五老峰,永济市市区东南16公里的中条山脉,4A,3.8,63,16
望仙风景区,运城市垣曲县历山镇望仙村,4A,0.0,55,16
石膏山,晋中市灵石县城南关镇峪口村,4A,3.5,3,2
常家庄园,晋中市榆次区东阳镇车辋村,4A,3.8,80,2
雁门关,忻州市代县雁门关景区,5A,3.6,84,8
中国死海运城盐湖,运城市盐湖区城南（距离池神庙3公里处）,4A,3.9,1.1,4
壶口瀑布,临汾市吉县壶口镇,4A,4.4,1.3,4
洪洞大槐树,临汾市洪洞县古槐北路公园街002号,5A,5.0,0.9,4
庞泉沟国家森林公园,山西省吕梁市交城县庞泉沟镇长立村,4A,0.0,118,33
山西晋祠博物馆,太原市晋源区晋祠镇,4A,3.8,0.2,10
东湖醋园,太原市马道坡26号,4A,3.5,6.6,50
神潭大峡谷,运城永济市永济电机厂南2公里处水峪口村,4A,0.0,28,10
蟒河生态旅游区,晋城市阳城县蟒河镇蟒河村,4A,3.9,30,2
中国煤炭博物馆,太原市万柏林区迎泽西大街2号,4A,3.5,60,12
解州关帝庙,山西省运城市盐湖区五一路145号,4A,4.1,1,77
鹳雀楼,运城市永济市蒲州古城西向的黄河东岸,4A,3.9,50,4
王莽岭风景区,晋城市陵川县古郊乡银盘村,4A,4.1,6,55
榆次老城,晋中市俞家街榆次老城,4A,3.6,75,2
大同古城墙,大同市平城区和阳街与和阳门内街交叉口东100米,4A,0.0,1.3,54
李家大院,运城市万荣县阎景村,4A,0.0,53.7,4
普救寺,永济市蒲州镇西厢村的塬上,4A,5.0,54,39
后沟古村落,晋中市榆次区东赵乡后沟古村,4A,3.5,20,76
万年冰洞,忻州市宁武县春景洼乡麻地沟村,4A,0.0,108,62
魏都水世界,大同市平城区魏都大道,4A,0.0,50,72
尧庙,临汾市尧都区尧庙村,4A,4.2,34.2,4
黄河大禹渡,运城市芮城县永乐北街,4A,3.5,38,56
汾河公园,太原市迎泽区滨河东路,4A,3.6,0.9,2
海会寺,晋城市阳城县北留镇大桥村海会寺景区管理处,4A,3.6,28,31
尊胜寺,台怀镇五台山风景区内,3A,0.0,5,2
山西老牛湾,忻州市偏关县,4A,0.0,93,99
欢乐太行谷,长治市壶关县长治东高速收费站西2公里（325省道附近）,4A,0.0,168,10
红崖峡谷,晋中市灵石县小柏沟村东,4A,0.0,80,81
汾酒文化景区,吕梁市汾阳市城北的307国道北侧，城北15公里左右,4A,3.5,1.9,48
北武当山,吕梁市方山县北武当镇武当线,4A,3.7,72,41
晋华宫煤矿,大同市云冈区晋华宫,4A,3.5,26,6
圣天湖,运城市芮城县城东南方20公里处的陌南镇黄河之滨,4A,0.0,128,33
永乐宫,运城市芮城县以北约2公里古魏镇上,4A,4.7,53.5,72
芦芽山,忻州市宁武县东寨镇芦芽山游客服务中心,4A,3.6,24.5,93
宝源老醋坊,太原市清徐县孟封镇杨房北路288号,4A,0.0,2,47
乌金山国家森林公园,晋中市榆次区乌金山镇森林公园(近太原寿阳交汇处),4A,0.0,29.9,34
郭峪村,晋城市阳城县皇城相府生态文化旅游区郭峪古城,4A,3.7,65,49
八路军文化园,长治市武乡县太行西街,4A,0.0,72,44
仙堂山,长治市襄垣县井背村,4A,3.6,60,6
中华傅山园,太原市尖草坪区向阳镇西村,3A,0.0,44.9,32
卦山,吕梁市交城县城北3公里处,4A,3.7,50,2
珏山,晋城市区泽州县金村镇寺南庄村,4A,3.7,48,59
小西天,临汾市隰县城西北1公里凤凰山,4A,3.7,32,4
禹王洞,忻州市西张乡霸沟,4A,3.5,74.5,4
翠枫山,阳泉市后峪村翠枫山,4A,3.6,1.6,39
八路军太行纪念馆,长治市武乡县太行街363号,4A,3.8,1.5,87
三皇庙,孝义市城区贾家庄村三皇庙街中部,4A,0.0,40,46
汾河源头,忻州市宁武县东寨镇思源大街,4A,0.0,24.5,89
金龙山风景名胜区,吕梁市孝义市高阳园区南岸,4A,0.0,5,57
垣曲黄河·历山风景区,山西省运城市垣曲县中条南大街历山旅游,4A,0.0,20,69
后土祠,运城市万荣县荣河镇庙前村的黄河岸边,4A,0.0,20,89
善化寺,大同市平城区南寺街6号(近楼房巷),4A,3.6,289,61
华门,临汾市南4公里处（尧庙广场的西面）,4A,0.0,35,53
广胜寺,临汾市洪洞县广胜寺镇,4A,4.1,43.9,74
大阳古镇,晋城市泽州县大东线,4A,0.0,30,82
玄中寺,吕梁市交城县西北约10公里的石壁山上,4A,3.8,30,76
渠家大院,晋中市祁县古城东街33号,4A,3.6,32,65
龙澍峪风景区,临汾市襄汾县黄崖村,4A,0.0,45,31
阎锡山故居,忻州市定襄县东北22公里处的河边村,4A,0.0,50,82
响沙湾,内蒙古自治区鄂尔多斯市达拉特旗响沙湾旅游景区,5A,4.2,82,84
大召寺,呼和浩特市玉泉区大召前街,4A,4.5,34,6
鄂尔多斯野生动物园,鄂尔多斯市东胜铁西区三园路1号,4A,0.0,120,26
成吉思汗陵,鄂尔多斯市伊金霍洛旗伊金霍洛镇,5A,0.0,45,26
五当召,包头市石拐区五当召,4A,3.9,55,32
神泉生态旅游景区,呼和浩特市托克托县双河镇郝家窑村,4A,0.0,90,10
阿尔山国家森林公园,内蒙古自治区兴安盟阿尔山市阿尔山国家森林公园,5A,5.0,275,6
苏泊罕大草原,鄂尔多斯市伊金霍洛旗境内,4A,0.0,298,6
莫尼山非遗小镇,104省道呼武路段,4A,0.0,48,38
甘珠尔庙,内蒙古呼伦贝尔市新巴尔虎左旗,3A,3.7,5,10
满洲里国门景区,内蒙古呼伦贝尔满洲里市五道街,5A,3.7,10,4
辉腾锡勒草原,乌兰察布市察哈尔右翼中旗中南部,4A,5.0,198,4
鄂尔多斯草原旅游区,鄂尔多斯市杭锦旗锡尼镇西南9公里,4A,3.6,268,16
额尔古纳湿地景区,呼伦贝尔市额尔古纳市金鹊街与迎春街交叉口,4A,0.0,62,79
万家惠欢乐世界,鄂尔多斯市东胜区永昌路47号万家惠欢乐世界,4A,0.0,19,2
玉龙沙湖,内蒙古赤峰市翁牛特旗乌丹镇玉龙沙湖景区,4A,3.8,75,98
黄河大峡谷.老牛湾旅游区,呼和浩特市清水河县单台子乡老牛湾村,4A,0.0,38,12
白桦林景区,呼伦贝尔市额尔古纳市201省道,4A,0.0,48,61
阿斯哈图石林景区,赤峰市克什克腾旗北部,5A,4.5,155,4
多伦湖景区,多伦县大河口乡多伦湖景区,4A,0.0,7,69
额济纳胡杨林,内蒙古阿拉善盟额济纳旗达来呼布镇,5A,0.0,1902,93
腾格里沙漠月亮湖,阿拉善盟阿拉善左旗境内,4A,0.0,90,49
苏木山旅游区,乌兰察布市兴和县大南山深处,4A,3.5,7,51
布林泉旅游景区,锡林郭勒盟乌拉盖管理区巴音胡硕镇北11公里处,4A,0.0,5,4
大青沟,通辽市科左后旗甘旗卡镇西南25公里处,4A,5.0,45,4
九城宫旅游景区,鄂尔多斯市东胜区罕台镇九城宫旅游度假区,4A,0.0,6,2
蒙亮民族风情园,呼和浩特市回民区成吉思汗西街,4A,0.0,208,70
林胡古塞,乌兰察布市卓资县大榆树乡,4A,0.0,303,6
巴尔虎部落,内蒙古呼伦贝尔市新巴尔虎左旗绥满公路301国道旁1494公里处,4A,0.0,145,89
莫尔道嘎国家森林公园,呼伦贝尔市莫尔道嘎镇11公里处,4A,4.1,6,53
贺兰山广宗寺（南寺）,阿拉善盟阿拉善左旗南30公里处,4A,0.0,69.9,4
世界反法西斯战争海拉尔纪念园,呼伦贝尔市海拉尔区北山口,4A,3.6,45,41
根河源国家湿地公园,呼伦贝尔市根河市东北方向7公里处,4A,0.0,75,52
呼和诺尔草原,呼伦贝尔市陈旗白音哈达苏木,4A,3.6,198,58
腾格里沙漠天鹅湖,阿拉善左旗腾格里天鹅湖景区,4A,0.0,35,30
额尔古纳国家湿地公园,呼伦贝尔市额尔古纳市上库力办事处辖区根河桥东13公里处,4A,0.0,55,43
道须沟,赤峰市宁城县黑里河镇阳坡,4A,0.0,74.9,81
贝子庙,锡林郭勒盟锡林浩特市贝子庙街额尔敦陶力盖敖包山南坡下，贝子庙街与额尔敦路交汇处,4A,0.0,5,90
阿拉善通湖草原,内蒙古阿拉善盟阿拉善左旗腾格里沙漠经济开发区,4A,0.0,9,54
七星湖沙漠风景区,鄂尔多斯市杭锦旗独塔拉镇,4A,3.5,55,75
美岱召,包头市土默特右旗美岱召镇美岱召村,4A,3.7,28,86
达里诺尔湖,内蒙古自治区赤峰市克什克腾旗,4A,4.8,9,56
库伦三大寺旅游景区,内蒙古自治区库伦旗驻地库伦镇中部,4A,0.0,25,75
准格尔旗黄河大峡谷,鄂尔多斯市准格尔旗包子塔,4A,0.0,40,52
内蒙古博物馆,呼和浩特市新城区新华东街27号,4A,4.1,6,31
梅力更,包头市九原区梅力更沟110国道724里处,4A,3.6,1.2,20
贺兰山福因寺（北寺旅游景区）,阿拉善左旗木仁高勒苏木境内（距离巴彦浩特镇约30公里）,4A,0.0,60,35
蒙牛乳业工业园区,内蒙古呼和浩特市和林格尔县盛乐经济园区,4A,3.5,6,2
北方兵器城,包头市青山区兵工路,4A,3.5,15,79
召庙北五台,赤峰市巴林左旗林东镇南14公里处,4A,0.0,5,56
达尔滨湖国家森林公园,中国内蒙古呼伦贝尔市鄂伦春自治旗诺敏镇,4A,0.0,75,63
包头花舞人间,包头市石拐区喜桂图新区康庄大道99号,4A,0.0,20,6
乌里雅斯太山,内蒙古锡林郭勒市东乌珠穆沁旗乌里雅斯太镇,3A,0.0,20,87
鄂尔多斯康巴什旅游区,鄂尔多斯市康巴什新区,4A,0.0,21,58
金帐汗蒙古部落,内蒙古呼伦贝尔市陈巴尔虎旗呼伦贝尔草原德莫尔格勒河畔,4A,4.1,6,74
呼伦贝尔古城,内蒙古自治区呼伦贝尔市莫力达瓦达斡尔族自治旗,3A,0.0,198,84
猛犸象公园,内蒙古呼伦贝尔满洲里市扎赉诺尔新区（金湖路与富民街交口）,4A,0.0,120,91
巴丹吉林沙漠,阿拉善盟阿拉善右旗巴丹吉林镇巴丹吉林沙漠地质公园,4A,0.0,7,73
昭君博物院,呼和浩特市玉泉区南郊6公里处,4A,4.8,499,40
银肯塔拉沙漠生态文化旅游区,鄂尔多斯达拉特旗境内，距达拉特旗树林召镇22公里,4A,0.0,118,38
紫蒙湖旅游风景区,赤峰市宁城县黑里河镇紫蒙湖旅游风景区,4A,0.0,84.9,6
哈素海,内蒙古呼和浩特市土默特左旗,3A,3.7,318,85
红花尔基樟子松国家森林公园,呼伦贝尔市鄂温克族自治旗红花尔基镇,4A,3.5,99,50
萨拉乌苏旅游区,鄂尔多斯市乌审旗无定河镇巴图湾,4A,3.6,40,69
东联动漫城,鄂尔多斯东胜区罕台镇西15公里处,4A,0.0,9,31
诺门罕战役遗址,内蒙古呼伦贝尔新巴尔虎右旗阿镇西南沿203省道60公里,3A,0.0,7,32
喀喇沁亲王府,内蒙古赤峰市喀喇沁旗王爷府镇,4A,3.7,6,70
鄂伦春布苏里景区,呼伦贝尔市鄂伦春自治旗布苏里,4A,3.5,75,84
大沙头生态文化区,鄂尔多斯市鄂托克前旗敖勒召其镇，昂敖线旁,4A,0.0,30,49
呼和诺尔景区,内蒙古自治区呼伦贝尔市陈巴尔虎旗白音哈达苏木,4A,0.0,1000,56
巴彦呼硕草原,呼伦贝尔市鄂温克旗,3A,3.5,5,73
吉穆斯泰景区,内蒙古包头市达茂旗百灵庙镇,4A,0.0,50,60
奥威蒙元马文化生态旅游区,呼和浩特市赛罕区林格尔县盛乐镇七杆旗行政村,4A,0.0,49,52
海昌发现王国,大连市金州区金石滩国家旅游度假区金石路36号,5A,0.0,175,576
大连森林动物园,大连市西岗区迎春路60号（圈养区入口）大连市西岗区滨海西路79号（散养区入口）,4A,3.6,116,562
老虎滩海洋公园,大连市中山区滨海中路9号,5A,4.5,109,334
沈阳方特欢乐世界,沈阳市沈北新区盛京大街55号,4A,0.0,155,558
大连圣亚海洋世界,大连市沙河口区中山路608-6-8号（星海广场西500米）,4A,4.1,120,326
皇家海洋乐园,抚顺市望花区高湾经济开发区,4A,4.6,158,356
沈阳故宫,沈阳市沈河区沈阳路171号,4A,3.5,53.2,126
沈阳世博园,沈阳市近郊高坎镇中马村双园路301号,5A,3.5,43.5,182
金石滩旅游度假区,大连市金州区金石滩国家旅游度假区,5A,4.6,9,32
鞍山千山,鞍山市千山区千山东路79号,5A,4.5,72,86
北普陀山,锦州市太和区中屯乡北普陀山风景区,4A,3.8,40,122
沈阳森林动物园,沈阳市浑南区棋盘山国际风景旅游区内,4A,0.0,76,44
本溪水洞,本溪市26公里的东部山区太子河畔,5A,5.0,55,14
青岩寺风景区,锦州市北镇市常兴店镇,4A,5.0,47,110
怪坡,沈阳市沈北新区怪坡风景区内,4A,3.7,30,80
本溪大峡谷(南芬大峡谷),本溪市南芬区解放村,4A,3.5,23,38
张氏帅府,沈阳市沈河区朝阳街少帅府巷46号,4A,4.0,55,34
关山湖,本溪市本溪县小市镇陈英村,4A,0.0,90,28
大连英歌石植物园,大连市高新园区龙王塘街道英歌石村,4A,0.0,9,60
九一八历史博物馆,沈阳市大东区望花南街46号,4A,4.0,1.1,6
白玉山,大连市旅顺口区白玉山街158号（南道票口）,4A,3.7,36,20
和睦国家森林公园,抚顺市新宾县永陵镇和睦国家森林公园,4A,0.0,50,4
天女山森林公园,抚顺市抚顺县马圈子乡太平村,4A,0.0,42,12
望儿山,辽宁省盖州市熊岳镇东 115200,4A,4.8,34.3,8
大连将军石温泉酒店,大连市瓦房店市西杨乡渤海村,4A,0.0,108,10
朝阳化石谷,朝阳市龙城区上河首化石谷路1号,4A,0.0,30,16
辽宁灵山风景名胜区,辽宁省葫芦岛市连山区山神庙子乡凉水井子村,4A,0.0,39.8,8
大连薰衣草庄园,大连市金州区相应街道土门子村,4A,0.0,75,4
觉华岛,葫芦岛市兴城市觉华岛菊花街道办事处北村,4A,5.0,10,32
棒棰岛,大连市中山区迎宾路1号,4A,3.8,8,79
紫云花汐薰衣草庄园,大连市金州区相应街道土门子村,4A,0.0,75,4
赫图阿拉城,抚顺市新宾满族自治县赫图阿拉城,4A,5.0,54,4
日俄监狱旧址,大连市旅顺口区向阳街139号,4A,3.6,188,67
丹东凤凰山,丹东市凤城市凤山路800号,4A,3.6,77,89
热高丛林世界,抚顺市望花区高湾经济开发区高望路1号,4A,0.0,189,6
沈阳棋盘山风景区,沈阳市浑南区棋盘山国际旅游风景区内(近关东影视城，棋盘山动物园),4A,3.8,28,10
浴龙谷温泉度假村,朝阳市喀左县浴龙谷温泉度假村景区大门口,4A,0.0,118,98
五女山,本溪市桓仁满族自治县桓仁镇北侧8公里处浑江西北岸,4A,4.1,85,41
铁岭莲花湖湿地公园冰雪嘉年华,铁岭市凡河新区黑龙江路与嵩山路交汇处,4A,0.0,26,68
葫芦古镇旅游度假区,葫芦岛市龙港区经济开发区北港工业区滨海公路,4A,3.8,12,12
北旅田园•黑风关古镇,盘锦市大洼区新立镇,4A,0.0,47,18
绿石谷国家森林公园,本溪市本溪满族自治县草河掌镇绿石谷,4A,3.5,6,64
大连自然博物馆,大连市沙河口区黑石礁西村街40号（星海公园西侧）,4A,3.5,1.8,10
大连铭湖旅游渡假区,辽宁大连市瓦房店炮台镇沈大高速公路出口处,4A,0.0,109,90
笔架山,锦州市经济技术开发区渤海大街1号,4A,4.4,83,2
兴城古城,葫芦岛市兴城市古城延辉街南端,4A,4.2,100,71
关门山国家森林公园,本溪市本溪满族自治县小市镇关门山,4A,4.3,85,78
冰峪沟,大连市庄河市仙人洞镇大连冰峪国家地质公园内,4A,3.7,9,67
七彩南山风景区,大连市旅顺口区水师营小南村,4A,0.0,9,4
大连旅顺潜艇博物馆,大连市旅顺口区黄金街999号,4A,0.0,188,4
海棠山,阜新市阜新蒙古族自治县大板镇大板村西北2公里处,4A,5.0,45,63
铁刹山,本溪市本溪满族自治县田师府镇,4A,3.7,50,48
锦州医巫闾山,锦州市北镇市巫闾山,4A,0.0,61.8,2
瑞应寺,辽宁省阜新蒙古族自治县佛寺镇佛寺村,4A,4.3,28,79
朝阳千佛洞旅游区,朝阳市朝阳县南双庙乡山后村,4A,0.0,34,59
鼎翔苇海蟹滩,辽宁省盘锦市兴隆台区新生街,4A,0.0,45,55
盘锦七彩庄园,盘锦市大洼区向海大道王家路口西50米,4A,0.0,43,6
玉佛苑,鞍山市铁东区绿化街58号,4A,5.0,30,2
灵山寺,葫芦岛市连山区山神庙子乡凉水井子村,4A,3.5,40,10
弓长岭假日温泉,辽阳市弓长岭区汤和镇柳河村,4A,0.0,88,30
三农博览园,新民市区北13公里（新民客运站北行直达）,4A,3.5,44.5,46
天桥沟国家森林公园,丹东市宽甸县黎明村7组,4A,3.7,9,71
东鸡冠山,大连市旅顺口区城区的东北部,4A,3.6,23,10
爱新觉罗皇家博物院,沈阳市法库县大孤家子镇半拉山村,4A,0.0,45,33
宝地斯帕温泉度假区,阜新市阜新蒙古族自治县东梁镇宝地斯帕温泉小镇(阜锦高速口南行3.5公里),4A,0.0,158,56
虹溪谷温泉度假区,双台镇思拉堡小镇,4A,0.0,15,75
大连现代博物馆,辽宁省大连市沙河口区会展路10号,4A,3.5,109,69
奉国寺,锦州市义县东街18号,4A,3.8,45,69
虎谷峡风景旅游区,本溪市桓仁满族自治县向阳乡砬门村售票处,4A,0.0,135,53
大连铭湖滑雪场,大连市瓦房店市炮台镇沈大高速公路出口处,4A,3.5,109,10
广佑寺,辽阳市白塔区中华大街60号,4A,0.0,1,52
大朝阳温泉,锦州北镇市闾山森林公园山脚下,4A,0.0,9,30
大冰沟森林公园,辽宁省本溪市平山区,4A,0.0,63,85
大连天门山国家森林公园,大连市庄河市仙人洞镇天门山村,4A,0.0,40,88
大石湖,本溪市本溪县东营坊乡南营坊村,4A,3.6,52,46
净月潭,长春市南关区净月大街5840号,5A,5.0,27,82
伪满皇宫博物院,长春市宽城区光复北路5号,5A,4.6,67,56
国信南山温泉,长春市净月大街南延线（长清公路16公里处）,4A,0.0,156,26
长白山景区,延边朝鲜族自治州安图县池北区,5A,5.0,140,2
天怡温泉,长春市南关区新湖镇红田村东安屯金家沟,4A,0.0,65,2
长春世界雕塑园,长春市南关区人民大街9518号,5A,3.8,25,85
云霞洞,通化市二道江区鸭园镇,4A,0.0,5,47
长影世纪城,长春市净月国家高新技术产业开发区净月大街与永顺路交汇处,5A,4.3,0.3,97
六鼎山文化旅游区,敦化市六鼎山文化旅游区管委会,5A,0.0,100,30
长影旧址博物馆,长春市红旗街1118号,4A,0.0,72,45
御龙温泉,长春市南花园双阳区的杨家村,4A,0.0,8,38
吉林神农温泉度假村,吉林市昌邑区孤店子镇,4A,0.0,75,61
长春凯撒森林温泉度假村,长春市净月开发区净月大街6366号（净月潭公园正门南行200米）,4A,0.0,146,71
琵岩山风景区,延边朝鲜族自治州龙井市西南部,4A,0.0,27,34
防川风景区,延边朝鲜族自治州珲春市敬信镇防川村,4A,3.5,6,88
松花湖风景名胜区,丰满桥东侧松柏路1号,4A,5.0,9,92
长春关东文化园温泉,长春市绿园区西四环与长白公路交汇处向北1公里关东文化园景区,4A,0.0,86.6,94
北大湖滑雪度假区,吉林市永吉县北大湖滑雪场,4A,4.8,7,30
长白山魔界风景区,吉林省安图县长白山池北区,4A,0.0,138,72
一马树森林公园,四平市双辽市红旗街,4A,0.0,9,97
圣鑫葡萄酒庄,通达北路和通达南路交汇处东侧(近巨佛路),4A,0.0,26,55
查干湖自然保护区,松原市前郭尔罗斯蒙古族自治县查干湖景区,4A,5.0,100,97
万科松花湖度假区,吉林市丰满区青山大街888号,4A,0.0,6,31
天定山旅游度假小镇,长春市二道区天定山旅游度假小镇,4A,0.0,50,61
大戏台河,长白山市长白山景区北景区山门8公里处,4A,0.0,138,77
白鸡峰森林公园,通化市东昌区金厂镇上龙头村,4A,3.5,16,40
北山公园,吉林省吉林市船营区德胜路51号,4A,3.6,6,42
鸡冠山国家森林公园,吉林省通化市梅河口市吉兴村鸡冠山国家森林公园售票处,4A,3.5,93,56
讷殷古城,白山市抚松县长白山管委会池南区302省道右侧锦江大桥前1公里讷殷古城,4A,0.0,29,77
拉法山,中国吉林省吉林市蛟河市,4A,3.6,7,95
龙湾国家森林公园,通化市辉南县,4A,3.7,35,81
向海自然保护区,白城市向海乡兴隆山镇西南2千米处,4A,5.0,5,58
望天鹅旅游风景区,吉林省长白市长白县,3A,0.0,1480,39
长春孔子文化园,吉林省长春市南关区亚泰大街与东头道交汇处(东天街239号),4A,0.0,1.8,60
长白山历史文化园,延边市安图县松江镇二道白河北5公里处,4A,0.0,6,35
露水河国家森林公园,白山市抚松县露水河镇,4A,0.0,1780,37
庙香山风景区,长春市九台区波泥河镇大顶子村,4A,0.0,20,55
长白山峡谷浮石林,长白山国家级自然保护区池北区，长白山山门东南6公里处,4A,3.5,90,31
大安嫩江湾旅游区,白城市大安市嫩江湾旅游区,4A,0.0,18,34
二道白河,延边朝鲜族自治州安图县,4A,0.0,15,67
老白山原始生态景区,吉林省敦化市黄泥河林业局团北林场,4A,0.0,40,56
云峰湖,吉林省通化市集安市以东,3A,3.8,7,77
哈尔滨北方森林动物园,哈尔滨市阿城区哈牡高速46公里处,4A,0.0,72,372
龙沙动植物园,齐齐哈尔市建华区碾北公路1号,4A,0.0,92,234
东北虎林园,哈尔滨市松北区松北街88号,4A,3.5,96.7,216
镜泊湖风景区,牡丹江市宁安市,5A,4.5,95,62
哈尔滨极地公园·极地馆（2期）,哈尔滨市松北地区太阳大道277号,4A,0.0,188,416
扎龙自然保护区,齐齐哈尔市铁锋区扎龙乡,4A,5.0,73,140
哈尔滨龙塔,哈尔滨市南岗区长江路178号,4A,4.2,66.9,180
五大连池风景区,黑河市五大连池市五大连池镇,5A,5.0,4.75,14
太阳岛,哈尔滨市松北区警备路3号,5A,4.6,0.9,76
呼兰河口湿地风景区,东岗村香蒲大堤呼兰大桥东侧呼兰河口湿地,4A,0.0,16.5,22
波塞冬旅游度假区,哈尔滨市呼兰区汇江路153号,4A,0.0,180,68
铧子山森林公园,哈尔滨市通河县203省道（县城西北18.2公里处）,4A,0.0,7,18
茅兰沟,黑龙江省伊春市嘉荫县向阳乡,4A,4.4,60,4
金龙山（横头山）国家森林公园,哈尔滨市阿城区金龙山镇,4A,3.5,30,84
水师森林温泉度假区,齐齐哈尔市水师营满族镇一公里处水师森林公园,4A,0.0,87,34
黑龙江凤凰山国家森林公园,哈尔滨市五常市山河屯重点国有林管理局凤凰山景区,4A,3.5,140,22
九峰山养心谷景区,伊春市金山屯区鹤伊公路72公里处,4A,0.0,55,30
林甸北国温泉,大庆市林甸县王仔温泉小镇,4A,0.0,47,8
中俄民族风情园,黑河市西郊9公里处,4A,0.0,35,8
海林横道东北虎林园,牡丹江市海林市横道河子镇东301国道210公里处的路旁,4A,3.5,45,14
明月岛,齐齐哈尔市梅里斯达斡尔族区嫩江中游,4A,3.8,39,8
哈尔滨文化公园（哈尔滨游乐园）,黑龙江省哈尔滨市南岗区东大直街1号（近哈尔滨工程大学）,4A,3.8,8,68
阿木塔旅游度假村,黑龙江大庆市杜尔伯特蒙古族自治县,4A,3.6,98,78
汤旺河国家公园林海奇石风景区,黑龙江省伊春市汤旺河区小兴安岭南麓,5A,4.1,1.4,33
英杰温泉,哈尔滨市宾县英杰温泉小镇（英杰风景区）,4A,0.0,98,73
北极村,大兴安岭地区漠河市,5A,5.0,1.3,35
哈尔滨融创乐园,哈尔滨市松北区世茂大道99-1,4A,0.0,549,6
连环湖温泉景区,大庆市杜尔伯特蒙古族自治县连环湖镇,4A,0.0,68,73
五营国家森林公园,伊春市五营区旅游公路,4A,0.0,55,95
松松小镇,哈尔滨市香坊区乐松广场3层,4A,0.0,128,63
普罗旺斯薰衣草庄园,哈尔滨市香坊区普罗旺斯薰衣草庄园,4A,0.0,9,82
中国雪乡,牡丹江市海林市大海林林业局双峰林场,4A,5.0,282,40
火山口国家森林公园,牡丹江市宁安市火山口旅游公路,4A,3.8,10,30
大庆鹤鸣湖温泉,大庆市林甸县三合乡胜利村鹤鸣湖温泉度假区,4A,0.0,65,41
龙沙公园,齐齐哈尔市龙沙区公园路32号,4A,4.0,0.5,4
嘉荫恐龙国家地质公园,伊春市小兴安岭北部嘉荫县城西9公里处,4A,4.3,50,33
北大荒现代农业园,哈尔滨市香坊区香福路146号,4A,0.0,6,69
悬羊峰国家地质公园,黑龙江省伊春铁力市小兴安岭西坡南麓桃山林业局施业区内,4A,0.0,6,37
侵华日军第七三一细菌部队罪证陈列馆,哈尔滨市平房区新疆大街47号(近青年大街),4A,0.0,180,89
雪乡国家森林公园,黑龙江省牡丹江海林市雪乡大海林林业局,4A,0.0,282,96
亚布力滑雪旅游度假区,哈尔滨市尚志市金牌大道84号,4A,0.0,68,40
大亮子河国家森林公园,佳木斯市汤原县大亮子河红松母树林场境内,4A,3.6,6,83
山口湖,黑龙江省黑河市五大连池市二龙山火车站东20公里,4A,3.5,9,44
铁西森林公园,黑龙江省鸡西市密山市,3A,0.0,6,86
溪水国家森林公园,伊春市上甘岭区204省道伊嘉路24公里处上甘岭林业局溪水林场施业区内,4A,4.0,50,97
美溪回龙湾国家森林公园,伊春市美溪区鹤伊公路110公里处,4A,0.0,9,35
上海海昌海洋公园,上海市浦东新区南汇新城镇银飞路166号,4A,0.0,229,2580
上海野生动物园,上海市浦东新区南六公路178号,5A,3.6,163,436
上海欢乐谷,上海市松江区佘山镇林湖路888号,4A,3.6,114.9,654
上海杜莎夫人蜡像馆,上海市黄浦区南京西路2-68号新世界商厦10楼,4A,3.7,180,172
上海动物园,上海市长宁区虹桥路2381号,4A,3.6,39,678
东方明珠,上海市浦东新区陆家嘴世纪大道1号,5A,3.8,98,72
朱家角古镇,上海市青浦区朱家角镇,4A,3.6,2.7,6
上海薰衣草公园,上海市浦东新区上海国际旅游度假区申迪东路399弄187号香草园,4A,0.0,7,16
上海科技馆,上海市浦东新区世纪大道2000号,5A,3.7,4.8,93
豫园,上海市黄浦区福佑路168号,3A,4.2,40,95
上海博物馆,黄浦区人民大道201号,4A,3.8,4.6,4
七宝古镇,上海市闵行区青年路与横沥路路口,4A,3.5,6,97
上海中心大厦上海之巅观光厅,上海市浦东新区银城中路501号近东泰路（上海中心大厦内）,4A,0.0,160,2
金山城市沙滩,金山区沪杭公路7555号,4A,3.5,10,132
中共一大会址纪念馆,上海市黄浦区兴业路76号,5A,3.5,10,42
震旦博物馆,上海市浦东新区陆家嘴富城路99号震旦国际大厦内（近名商路）,3A,0.0,6,46
辰山植物园,上海市松江区辰花公路3888号,4A,0.0,0.5,40
上海世纪公园,浦东新区锦绣路1001号,4A,3.6,0.2,32
东方绿舟,上海市青浦区沪青平公路6888号东方绿舟,4A,3.5,45,85
大丰上海知青纪念馆,盐城大丰市盛丰路,4A,0.0,45,32
上海影视乐园,上海市松江区车墩镇影佳路366号,4A,3.5,69.8,2
东平国家森林公园,崇明县北沿公路2188号,4A,3.5,34.8,174
顾村公园,上海市宝山区顾村镇沪太路4788号环岛路1号(近沪太路),4A,0.0,50,26
召稼楼,闵行区沈杜公路2059号（近苏召路）,4A,0.0,6,33
上海海湾国家森林公园,奉贤区海湾镇随塘河路1677号,4A,0.0,55,172
上海玻璃博物馆,上海市宝山区长江西路685号,4A,0.0,6,88
锦江乐园,闵行区虹梅路201号锦江乐园,4A,3.6,64.8,32
宋庆龄故居,上海市徐汇区淮海中路1843号,4A,3.5,158,99
佘山国家森林公园,松江区佘山塔弄口外青松公路9258号,4A,3.5,6,12
碧海金沙水上乐园,奉贤区海涵路6号,4A,3.5,30,10
月湖雕塑公园,上海市松江区佘山国家旅游度假区林荫新路1158号,4A,0.0,98.5,24
长风公园,上海市普陀区大渡河路451号,4A,3.6,170,42
醉白池,上海市松江区人民南路64号,4A,3.5,119,86
枫泾古镇,金山区枫泾镇亭枫公路8588弄28号,4A,3.6,38,18
中国航海博物馆,上海市浦东新区临港新城申港大道197号（近滴水湖）,4A,0.0,27,61
广富林文化遗址,上海市松江区广富林路3260弄,4A,0.0,5,32
方塔园,上海市松江区中山东路235号,4A,3.5,138,83
浦江郊野公园,上海市闵行区浦星公路2578弄8号,4A,0.0,49,90
古猗园,上海市沪宜公路218号,4A,3.5,0.7,75
鲜花港,上海市浦东新区东海农场振东路2号,4A,3.5,0.9,46
东林寺,上海市金山区朱泾镇东林街150号,4A,0.0,20,2
花开海上生态园,上海市金山区朱泾镇待泾村秀泾六组6060号,3A,0.0,29,38
高家庄园,上海市崇明县港西镇港东公路999号高家庄生态园,4A,0.0,30,99
吴淞炮台湾湿地森林公园,上海市宝山区塘后路206号(近双城路),4A,0.0,9,95
上海大观园,青浦区金商公路701号,4A,3.5,0.6,4
鲁迅公园,上海市虹口区四川北路2288号,3A,3.8,7,74
上海汽车博览公园,上海市嘉定区博园路7001号,4A,0.0,58,58
奉贤玉穗绿苑,上海市奉贤区海湾镇海兴路888号,3A,3.5,99,98
上海和平公园,上海市虹口区新港路168号,3A,0.0,6,73
牛首山文化旅游区,南京市江宁区宁丹大道18号,4A,0.0,86,846
南京总统府,南京市玄武区长江路292号,4A,4.0,34.8,692
拙政园,苏州市姑苏区东北街178号,5A,5.0,70,576
瘦西湖,扬州市蜀冈瘦西湖风景名胜区大虹桥路28号,5A,5.0,45,508
红山森林动物园,南京市玄武区和燕路168号,4A,0.0,39.8,488
寒山寺,苏州市姑苏区寒山寺弄24号,4A,4.4,18,390
连岛,连云港市连岛镇连岛海滨旅游度假区,4A,4.5,7,426
灵山胜境,无锡市滨湖区马山镇灵山路1号,5A,0.0,194.5,376
中山陵,南京市玄武区石象路7号,5A,5.0,0.2,210
同里古镇,苏州市吴江区中川南路1号,5A,4.0,74.5,310
南通森林野生动物园,南通市港闸区通刘路299号,4A,0.0,170,354
南京博物院,南京市玄武区中山东路321号,4A,3.5,0.3,248
茅山东方盐湖城·道天下,常州市金坛区薛埠镇访仙路9号,4A,0.0,78.8,326
钟山风景区,南京市玄武区石象路7号,5A,3.8,0.4,170
茱萸湾,扬州市区东北郊湾头镇茱萸湾路888号,4A,3.5,28,402
大报恩寺遗址景区,南京市中华门外的雨花路1号,4A,0.0,77,220
句容茅山景区,镇江市句容市茅山镇,5A,4.2,44.8,220
淹城春秋乐园,常州市武进区武宜中路197号,5A,0.0,69,242
溱湖国家湿地公园,泰州市姜堰区溱潼镇溱湖大道1号,5A,5.0,70,166
鼋头渚,无锡市鼋渚路1号,5A,4.7,85,122
虎丘,苏州市姑苏区虎丘山门內8号,5A,4.0,60,156
狮子林,苏州市姑苏区园林路23号,4A,4.5,30,154
大明寺,扬州市邗江区平山堂东路8号,4A,3.8,27,128
个园,扬州市广陵区盐阜东路10号,4A,4.4,28,150
南山竹海,常州市溧阳市戴埠镇李家园村下场园10号,5A,4.4,80,206
周庄,苏州市昆山市周庄镇全福路43号,5A,4.5,69.9,74
留园,苏州市姑苏区阊门外留园路338号,5A,3.9,45,94
镇江市金山公园,镇江市金山路62号,5A,0.0,44.9,98
惠山古镇,无锡市北塘区古华山路,5A,0.0,63,92
南京大屠杀遇难同胞纪念馆,南京市建邺区水西门大街418号,4A,3.8,0.9,78
汉陵苑,扬州市维扬区平山堂东路98号,4A,3.6,18,14
连云港花果山风景区,连云港市海州区郁林路5号,5A,5.0,85,56
嬉戏谷,常州市武进区雪堰镇太湖湾太北路1号,4A,0.0,200,142
沙家浜,苏州市常熟市沙家浜镇锡太公路,5A,3.6,29.9,74
黄海森林公园,盐城市东台市沿海经济区花林路8号,4A,0.0,41,128
天目湖,常州市溧阳市天目湖镇,5A,5.0,120,50
荷塘月色湿地公园,苏州市相城区太阳路西4575号,3A,3.5,6.18,20
何园,扬州市广陵区徐凝门大街66号,4A,4.1,27.8,74
尚湖,苏州市常熟市虞山镇外西三环路尚湖景区,5A,3.6,50,66
无锡动物园·太湖欢乐园,无锡市滨湖区钱荣路99号,4A,0.0,100,126
北固山,镇江市京口区东吴路3号,5A,5.0,27,46
苏州上方山国家森林公园,苏州市虎丘区吴越路47号,4A,0.0,40,58
金鸡湖,苏州市苏州工业园区金鸡湖大道,5A,0.0,50,28
栖霞山,南京市栖霞区栖霞街88号,4A,3.6,22.5,88
网师园,苏州市姑苏区带城桥路阔家头巷11号,4A,3.8,30,12
玄武湖公园,南京市玄武巷1号,4A,4.9,2.6,4
南京阅江楼,南京市下关区建宁路202号,4A,3.9,30,78
南京科技馆,南京市雨花台区紫荆花路9号,4A,0.0,4.3,18
宜兴竹海风景区,无锡宜兴市湖滏镇竹海村,4A,3.7,70,32
白马涧,苏州市高新区枫桥街道西部白马涧生态园龙池风景区,4A,0.0,54.8,24
朝天宫,南京市秦淮区王府大街朝天宫4号,4A,3.7,22.9,18
泰州凤城河景区,泰州市海陵区南山寺路,4A,0.0,24,22
焦山,镇江市京口区东吴路83号,5A,4.7,44.9,16
麋鹿保护区,盐城市大丰市麋鹿保护区,5A,3.7,45,20
盐城大丰梦幻迷宫,盐城市大丰区草堰镇三元村,4A,0.0,38.5,86
花谷奇缘旅游度假区,常州市金坛区茅山旅游度假区林场路1号,4A,0.0,88,198
铁山寺国家森林公园,淮安市盱眙县西南丘陵山区,4A,4.5,47,40
珍珠泉,南京市浦口区珍珠街178号,4A,3.6,46.2,48
锦溪古镇,苏州市昆山市锦溪镇邵甸港路18号,4A,3.6,41.9,26
荷兰花海,盐城市大丰区新丰镇荷兰花海旅游风景区,4A,0.0,46,30
夫子庙秦淮河风光带,南京市秦淮区贡院西街53号,5A,0.0,9,34
窑湾古镇,徐州市新沂市窑湾镇,4A,0.0,35,20
善卷洞,无锡市宜兴城西南25公里的螺岩山中,4A,3.7,100,16
南通洲际绿博园,南通市通州区先锋镇人民东路、通海路口向北300米,4A,0.0,69,74
溱潼古镇,泰州市姜堰市溱潼镇,4A,4.3,32,22
泗洪洪泽湖湿地景区,宿迁市泗洪县洪泽湖湿地景区,5A,0.0,10,20
盘门,苏州市东大街1号,4A,3.9,36,16
濠河,南通市崇川区濠北路508号,5A,5.0,54,22
无锡梅园横山风景区,无锡市滨湖区梁溪西路卞家湾13号,4A,4.1,53.9,12
张公洞,无锡市宜兴市湖父镇张阳村,4A,3.6,60,82
金湖水上森林公园,淮安市金湖县涂沟镇360乡道,4A,0.0,53,30
汉文化景区,徐州市云龙区东三环兵马俑路1号,4A,4.1,79.9,6
狼山,南通市静海商贸街西侧,4A,4.6,45,16
无锡古运河,无锡市南长区向阳路38号,4A,4.5,68,8
宝华山国家森林公园,句容市宝华镇杨柳泉路,4A,3.9,6,20
中央电视台无锡影视基地,无锡市滨湖区山水西路128号,5A,0.0,99.9,12
太湖西山岛,苏州市吴中区金庭镇大桥路23号,4A,3.6,32,4
天平山,苏州市吴中区灵天路,4A,3.6,30,28
淮安龙宫大白鲸极地海洋馆,淮安市经济技术开发区南马厂大道99号,4A,0.0,130,32
淮安府署,淮安市淮安区东门大街38号淮安府署,4A,0.0,45,10
龙宫大白鲸欢乐世界,淮安市经济技术开发区南马厂大道99号,4A,0.0,55,40
中国漕运博物馆,淮安市淮安区漕运广场,4A,0.0,40,4
南京云幽谷旅游区,南京市浦口区汤泉街道龙井社区龙坊组58号,4A,0.0,54,42
渔湾,连云港市云台区云台乡渔湾村,4A,4.0,37,8
大纵湖,盐城市盐都县大纵湖乡,4A,3.9,54,10
宿迁三台山森林公园,宿迁市宿豫区三台大山道,4A,0.0,10,32
环球恐龙城,常州市新北区东至东支河，南至河海东路，西至老藻港河，北至沪宁高速公路的区域,5A,0.0,30,34
天生桥景区,南京市溧水区洪蓝镇天生桥路500号,4A,0.0,18,48
大洋湾生态旅游景区,盐城市亭湖区湖滨路88号,4A,0.0,42,24
常州博物馆,常州市新北区龙城大道1288号,4A,0.0,5,32
马陵山,徐州市新沂市马陵山镇,4A,3.6,60,4
普陀山风景区,舟山市普陀山梅岑路85-1号（普陀山正山门旅游服务中心，普陀山售票窗口旁边）,5A,5.0,160,1972
千岛湖,杭州市淳安县千岛湖镇梦姑路348号千岛湖中心湖区游船码头,5A,3.9,10,394
西溪国家湿地公园,杭州市西湖区天目山路518号（周家村入口）或者杭州市余杭区五常街道五常大道（龙舌嘴主出入口）,5A,0.0,54.5,408
乌镇,嘉兴桐乡市乌镇石佛南路18号,5A,5.0,100,294
雅戈尔动物园,宁波市鄞州区东钱湖旅游度假区高钱村（近鄞县大道）,4A,3.6,119,432
横店影视城,金华市东阳市横店镇,5A,5.0,90,254
宁波海洋世界,宁波市江东区桑田路936号,4A,0.0,194,150
杭州乐园,杭州市萧山区风情大道2555号,4A,3.6,159,208
神仙居,台州市仙居县白塔镇神仙居收费站南侧200米,5A,3.8,99,220
杭州野生动物世界,杭州市杭富路九龙大道1号,4A,3.5,208.5,384
南浔古镇,湖州市南浔镇人瑞路51号,5A,0.0,75,78
天一阁博物馆,宁波市市区月湖之西天一街10号,5A,3.6,27,86
莫干山,湖州市德清县莫干山国家级风景名胜区,4A,4.1,42,254
杭州长乔极地海洋公园,杭州市萧山区湘湖路777号（湘湖路与杨堤交叉口）,4A,3.5,350,142
杭州Hello Kitty乐园,湖州市安吉县递铺镇天使大道1号,4A,0.0,210,188
西湖,杭州市西湖风景名胜区,5A,5.0,8,96
天台山大瀑布,台州市天台县天台山大瀑布(琼台仙谷东南50米),4A,0.0,50,494
嘉兴南湖景区,嘉兴市南湖区南溪西路1号,5A,3.6,20,10
象山影视城,宁波市象山县新桥镇,4A,3.5,128,114
雷峰塔,杭州市西湖区南山路15号,4A,3.9,40,32
垂云通天河,杭州市桐庐县瑶琳镇东琳村景区,4A,3.5,54,148
云上草原,湖州市安吉县山川乡山川村,4A,0.0,300,60
缙云仙都,丽水市缙云县仙都街道,5A,5.0,55,60
东钱湖,宁波市鄞州区东钱湖镇内,4A,4.0,29,212
仙居,浙江省台州市仙居县,5A,3.9,99,16
鲁迅故里,绍兴市越城区鲁迅中路241号,5A,5.0,128,20
溪口风景区,宁波市奉化区溪口镇,5A,4.5,72,20
瑶琳仙境,杭州市桐庐县瑶琳镇分水江畔至南乡洞前村的骆驼山北麓,4A,3.5,107,124
宁波方特东方神画,宁波市杭州湾新区跨海大桥南岸（杭州湾新区天宝路188号）,4A,0.0,280,66
雁荡山,温州市乐清雁荡镇雁山路88号,5A,5.0,20,36
京杭大运河,杭州市京杭大运河余杭塘栖至钱塘江段,4A,0.0,30,10
大香林•兜率天景区,绍兴柯桥区湖塘街道岭下村大香林天宫景区,4A,0.0,89,210
双龙风景旅游区,金华市婺城区罗店镇双龙景区游客中心,4A,3.6,105,30
中南百草原,湖州市安吉县递铺镇马鞍山村,4A,3.7,180,90
朱家尖,舟山市普陀区朱家尖岛,4A,4.2,20,32
龙门古镇,杭州市富阳区龙门古镇,4A,3.5,55,20
湘湖旅游度假区,杭州市萧山区风情大道2758号浙江湘湖旅游度假区,4A,3.5,27,6
千岛湖文渊狮城度假区,杭州市淳安县千岛湖著名风情小镇姜家镇镇中心（千岛湖大桥往汾口方向）,4A,0.0,66,48
宁波五龙潭,宁波市海曙区龙观乡五龙潭景区,4A,3.7,45,26
天目山,杭州市临安区天目山镇天目村,4A,3.7,100,20
云和梯田,丽水市云和县崇头镇,4A,0.0,40,62
诸葛八卦村,金华市兰溪市诸葛镇,4A,4.0,85,38
石浦渔港古城,宁波市象山县南部的石浦港畔,4A,3.6,46,66
田园嘉乐比乐园,湖州市安吉县横山坞村晓山,4A,0.0,135,30
古堰画乡景区,丽水市莲都区大港头镇,4A,3.6,30,36
大明山,杭州市临安区清凉峰镇白果村横溪桥158号,4A,3.6,25,38
双溪漂流,杭州市余杭区径山镇双溪竹海路7号,4A,3.5,110,18
安吉江南天池,湖州市安吉县天荒坪镇,4A,3.7,70,34
梅花洲景区,嘉兴市南湖区凤桥镇三星路10号,4A,0.0,37.3,8
山沟沟,杭州市余杭区鸬鸟镇太平,4A,3.5,70,18
天台山琼台仙谷,台州市天台县桐柏岭脚村（城西北7公里）,4A,3.5,32,10
长屿硐天,台州市温岭市长屿镇政和路(台洲湾南侧),4A,3.7,112,14
温州乐园,温州市瓯海区茶山街道霞岙村,4A,3.6,180,114
绍兴兰亭,绍兴市柯桥区兰亭镇,4A,4.6,65,14
穿岩十九峰,绍兴市新昌县穿岩十九峰,4A,3.6,54,8
大奇山国家森林公园,杭州市桐庐县大奇山国家森林公园（大奇山路进口处）,3A,3.5,42,66
仙华山景区,金华市浦江县仙华山村,4A,3.6,48,28
杭州湾海皮岛,宁波市杭州湾新区世纪城滨海二路928号,4A,0.0,79.9,14
宁波科学探索中心,宁波市宁穿路1800号（宁波文化广场Ⅲ区）,4A,0.0,9,6
超山风景名胜区,杭州市余杭区临平超山风景区,4A,3.5,10,12
竹子博览园,浙江省湖州市安吉县灵峰街道竹博园路1号,4A,3.6,67.99,44
蛇蟠岛,台州市三门县蛇蟠乡,4A,3.6,40,24
廿八都古镇,衢州市江山市廿八都古镇,5A,5.0,65,14
台州府城文化旅游区,浙江省台州市临海市兴善门游客中心,4A,3.7,14,10
刘伯温故里旅游景区—百丈漈,温州市文成县百丈漈镇,4A,0.0,55,4
天宫庄园,宁波市鄞州区下应镇湾底村,4A,3.6,45,6
百杖潭景区,金华市磐安县仁川镇石下村往南,4A,3.5,47.5,16
宁海森林温泉,宁波市宁海县城西北20公里的国家级森林公园境内,4A,3.5,128,8
浙北大峡谷,湖州市安吉县报福镇石岭村,4A,0.0,90,14
台州海洋世界,台州市椒江区广场中路38号,4A,3.6,149.5,70
楠溪江,温州市永嘉县楠溪江风景区,4A,4.1,9,6
黄贤森林公园景区,宁波市奉化区裘村镇黄贤村,4A,0.0,70,38
藏龙百瀑,湖州市安吉县东南部,3A,3.9,60,20
五泄,绍兴市诸暨市五泄风景区,4A,4.3,20.6,24
天下玉苑,宁波市余姚市大隐镇山王北路85号,4A,0.0,53.5,16
大慈岩,杭州市建德市南面24公里处大慈岩景区,4A,3.5,73,46
渔寮,温州市苍南县渔寮村音乐石,4A,3.6,38,50
富春桃源,富阳市胥口镇上练村富春桃源景区,4A,3.5,134.8,14
招宝山,宁波市镇海区城关招宝山路10号,4A,3.7,40,22
天子地,杭州市桐庐县罗山村罗山村境内,4A,0.0,89,8
严子陵钓台,杭州市桐庐县富春江镇七里泷段,4A,3.5,111.8,48
东天目山,杭州市临安太湖源镇东天目村,4A,3.5,80,10
西施故里,绍兴市诸暨市浣纱南路123号,4A,3.9,40,16
青山湖国家森林公园,杭州市西郊临安市青山湖景区,4A,3.6,120,24
龙游石窟,衢州市龙游县小南海镇石岩背村,4A,4.2,80,10
东西岩,丽水市莲都区老竹畲族镇的虎迹溪畔,4A,3.7,40,14
建德七里扬帆景区,杭州市建德市梅城姚坞码头（梅城镇姚坞码头游客中心）,4A,0.0,109,4
宁波老外滩,宁波市江北区江夏街与甬江大桥交汇口,4A,0.0,88,26
舞龙峡,金华市磐安县尖山镇楼下宅村,4A,0.0,77,28
黄山风景区,黄山市黄山区汤口镇205国道,5A,5.0,95,892
宏村,黄山市黟县宏村镇宏村景区,5A,3.9,52,346
合肥融创乐园,合肥市滨湖新区庐州大道788号,4A,0.0,10,364
西递,黄山市黟县西递镇西递村,5A,3.5,50,436
九华山,池州市青阳县九华山风景区,5A,5.0,55,138
石台牯牛降,池州市石台县大演乡新农村,4A,0.0,100,614
合肥海洋世界,合肥市蜀山区经济技术开发区繁华大道321号,3A,0.0,155,254
天堂寨,六安市金寨县天堂寨风景名胜区,5A,5.0,88,74
天柱山,安庆市潜山县天柱山路112号,5A,4.3,119,32
马仁奇峰,芜湖市繁昌县孙村镇八分村马仁奇峰风景区,4A,3.8,70,48
姥山岛,巢湖市居巢区中庙镇,4A,4.0,50,86
查济古村,安徽省宣城市泾县城西60公里处,4A,0.0,60,34
八里河,阜阳市颍上县八里河镇八里河风景区,5A,5.0,85,40
李鸿章故居,合肥市庐阳区淮河路步行街中段208号,4A,4.1,1.1,22
鸠兹古镇,芜湖市鸠江区纬二路和徽州路交汇处,4A,0.0,78,106
皇藏峪国家森林公园,宿州市萧县皇藏峪国家森林公园,4A,5.0,13,92
包公园,合肥市包河区芜湖路72号,4A,4.2,0.4,12
黄山翡翠谷,黄山市黄山风景区翡翠谷,4A,3.6,45,24
万佛湖,六安市舒城县万佛湖风景区,5A,4.6,94.4,48
蚌埠嘉年华,蚌埠市蚌山区燕山路768号,4A,0.0,69,58
大别山彩虹瀑布,安庆市岳西县黄尾镇黄尾村,4A,0.0,85,22
黄山九龙瀑,黄山市黄山区汤口镇苦竹溪村,4A,3.6,60,12
祥源花世界,合肥市肥西县金寨南路与深圳路西北侧,4A,0.0,38,44
紫微洞,巢湖市北郊紫微洞旅游区,4A,0.0,45,24
桃花潭,宣城市泾县桃花潭镇,4A,4.4,40,18
琅琊山,滁州市琅琊区琅琊古道30号,4A,5.0,55,20
皖西大裂谷,六安市金安区张店镇太平桥村,4A,3.9,58,70
巨石山,安庆市宜秀区罗岭镇小龙山村,4A,0.0,66,38
曹操运兵道,亳州市谯城区人民中路49号,4A,0.0,36,60
新安江山水画廊,歙县深渡镇深渡码头,4A,3.5,100,12
芜湖大浦乡村世界,芜湖市南陵县大浦试验区（G50高速芜湖南出口左转9公里处）,4A,0.0,110,42
合肥植物园,合肥市蜀山区环湖东路123号,4A,3.6,6,14
明堂山,安庆市岳西县河图镇,4A,3.5,80,14
阜阳尧泰汉海海洋公园,阜阳市颍州区竹园路136号,3A,0.0,120,170
安徽大别山主峰,六安霍山县,4A,4.9,75,14
蓬莱仙洞,池州市石台县仁里镇杜村,4A,3.6,59.5,28
天悦湾温泉,安庆市岳西县天堂镇,4A,0.0,93,14
阜阳生态园,阜阳市颍泉区欧阳修路666号,4A,3.6,164,24
花戏楼,亳州市谯城区咸宁街一号,4A,3.5,45,20
燕子河大峡谷,六安市金寨县燕子河镇西南部茶铺村,4A,0.0,45,46
悠然蓝溪旅游景区,六安市金安区东三十铺镇皖西大道(东部新城）悠然蓝溪旅游度假区,4A,0.0,20,10
大别山风情谷,六安市金安区张店镇,4A,0.0,48,8
大青山野生动物世界,马鞍山市当涂县太白镇永宁村,4A,0.0,85,42
东石笋风景区,六安市金安区毛坦厂镇,4A,0.0,36,4
万佛山,六安市舒城县048县道,4A,4.0,60,4
安徽大龙山乌龙溪景区,安庆市宜秀区杨桥镇大龙山国家森林公园,4A,0.0,45,32
褒禅山,马鞍山市含山县环峰镇褒山行政村,4A,4.0,40,24
黄山虎林园,黄山市黄山区黄山风景区北大门,4A,0.0,9,10
滨湖森林湿地公园,合肥市包河区环湖北路大张圩（靠近巢湖北岸南淝河入湖口）,4A,0.0,45,48
大别山石窟风景区,六安市金安区张店镇大别山石窟景区,4A,0.0,60,6
芜湖方特旅游区,芜湖市鸠江区赤铸山东路华强文化科技产业园（此地址有方特梦幻王国、方特东方神画及文特水上乐园）,5A,0.0,227,12
莲峰云海景区,池州市青阳县蓉城镇百花村,4A,0.0,59,4
安徽青云峡景区,安庆市岳西县黄尾镇云峰村,4A,0.0,318,8
九华神龙谷,池州市青阳县陵阳镇,4A,0.0,70,4
龙津溪地,六安市金寨县全军乡梁山村龙井冲,4A,0.0,45,6
大别山主峰白马尖,六安霍山县,4A,0.0,6,97
徽州古城,黄山市歙县,5A,3.5,50,12
花山世界·花山谜窟,黄山市屯溪区屯光镇花山路,4A,3.5,49,66
徽园,合肥市蜀山区繁华大道276号,4A,4.4,1.2,86
中国非物质文化遗产园,合肥北城合淮路与北绕城高速交汇处向北1.5公里,4A,0.0,36,4
采石矶,安徽省马鞍山市雨山区九华西路,5A,5.0,68,8
太极洞,宣城市广德县城东北的新杭乡石龙山中,4A,4.1,6,95
齐云山景区,黄山市休宁县县城西侧齐云山镇,4A,3.6,67.8,35
黄山太平湖,黄山市黄山区太平西路,4A,0.0,63,35
古徽州文化旅游区,黄山市徽州区g205,5A,0.0,50,51
南屏古镇,黄山市黟县碧阳镇南屏村,4A,3.6,22,6
秋浦河漂流,池州市石台县矶滩乡杨坑村秋浦河景区,4A,0.0,40,6
九华山大愿文化园,池州市九华山风景区柯村新区,4A,0.0,39,12
合肥三国遗址公园,安徽省合肥市庐阳区三十岗公园路1号,4A,0.0,25,37
青龙湾生态旅游区,宣城市宁国市,4A,3.6,54,79
金孔雀温泉旅游度假村,合肥市庐江县汤池镇外经大道,4A,4.3,8,96
龙川风景区,宣城市绩溪县龙川村中央,5A,5.0,60,64
牯牛降景区,黄山市祁门县历口镇观音堂牯牛降风景区,4A,3.6,58,84
水墨汀溪风景区,宣城市泾县汀溪乡,4A,0.0,45,89
宣纸文化园,宣城市泾县乌溪,4A,0.0,50,60
敬亭山,宣城市宣州区昭亭北路敬亭山东大门广场,4A,3.9,10,4
徽杭古道,安徽省宣城市绩溪县伏岭镇江南村,4A,0.0,58,68
仙寓山,池州市石台县仙寓镇,4A,3.6,63,4
陶辛水韵旅游区,芜湖市芜湖县陶辛镇,4A,3.6,6,50
香泉温泉,马鞍山市和县香泉镇山庄路(香泉镇泰华路1号),4A,4.6,49,93
孔城老街景区,安庆桐城孔城老街,4A,0.0,5,80
醉山野度假区,池州市石台县黄崖大峡谷（大瀑布）,4A,3.5,80,6
五千年文博园,安庆市太湖县经济开发区（县高速路口）,4A,0.0,105,77
狼巷迷谷,滁州市凤阳县殷涧镇城东南30公里处,4A,3.7,55,4
永泉忆江南十二景,铜陵市义安区钟鸣镇叶山林场,4A,0.0,95,99
岱山湖,合肥市肥东县古城镇,4A,3.6,40,48
丫山花海石林,芜湖市南陵县何湾镇,4A,3.6,58,4
杏花村,安徽省池州市杏花大道108号,4A,3.5,68,2
焦岗湖国家湿地公园,淮南市凤台县毛集实验区内,4A,3.6,25,64
恩龙世界木屋村,宣城市宁国市港路8公里处,4A,3.8,9,50
九天银瀑风景区,宁国市中溪镇夏林村夏霖风景区,4A,3.6,60,60
中国鳄鱼湖,宣城市夏渡林场,4A,0.0,25,97
韭山洞,滁州市凤阳县城南30多公里韭山山腹,4A,3.7,45,6
迪沟,阜阳市颍上县迪沟旅游风景区,4A,4.6,31.3,4
天峡,安庆市岳西县河图镇,4A,0.0,29,71
九华大王洞风景区,池州市贵池区城西南50多公里处的秋浦胜境,4A,3.5,75,69
九华天池,池州市贵池区马衙,4A,0.0,69,91
石莲洞,安庆市宿松县南郊,4A,3.5,40.7,73
六安海洋大世界,六安市解放路与大别山路交叉口浙东商贸城C区,4A,0.0,95,48
梧桐花谷,铜陵市义安区钟鸣镇水村,4A,0.0,27.9,10
池杉湖国家湿地公园,滁州市来安县,4A,0.0,5,81
九子岩景区,池州市青阳县九华山国家森林公园,4A,3.5,70,78
黄山芙蓉谷,黄山市黄山区耿城镇,4A,0.0,70,96
鄣山大峡谷,宣城市绩溪县伏岭镇水村,4A,0.0,47.8,33
天龙关景区,安庆市潜山县水吼镇,4A,0.0,40,4
龙泉洞,宣城市水东镇以东4公里碧山脚下,4A,0.0,55,92
八公山国家森林公园,淮南市八公山区八南路,4A,0.0,33.9,79
花亭湖,安庆市太湖县城北四公里处,4A,3.5,35,68
太湖山,马鞍山市含山县铜闸镇太湖山景区,4A,3.9,16,74
鼓浪屿,厦门市思明区鼓浪屿,5A,4.9,10,598
福州欧乐堡海洋世界,福州市永泰县葛岭镇旅游路7号,4A,0.0,167.8,1040
厦门园林植物园,福建省厦门市思明区虎园路25号,4A,3.8,30,350
罗源湾海洋世界,福州市罗源县罗源湾开发区江滨南路1号,4A,0.0,155,250
武夷山,南平市武夷山国家旅游度假区,5A,5.0,235,86
清源山,泉州市丰泽区泉山路,5A,4.2,64,74
诚毅科技探索中心,厦门市集美新城杏林湾路339号,4A,0.0,74.7,96
太姥山,宁德市福鼎市境内，距市区45公里,5A,5.0,130,192
胡里山炮台,厦门市思明区曾厝垵路2号,4A,4.2,22.4,70
福建天门山,福州市永泰县葛岭镇溪洋村,4A,3.5,101,54
十里蓝山,漳州市长泰县马洋溪生态旅游区山重村境内,4A,0.0,19.9,22
湄洲岛,莆田市秀屿区湄洲大道1588号,5A,4.4,128,24
崇武古城,泉州市惠安县东南海滨,4A,4.6,37.4,34
厦门老院子景区,厦门市集美区华夏路9号（厦门北站南400米，软件学院对面）,4A,0.0,107,92
厦门日月谷温泉渡假村,厦门市海沧区孚莲路1888号,4A,3.6,175,30
火山岛自然生态风景区,漳州市漳浦县前亭镇火山岛度假村(滨海火山国家地质公园),4A,0.0,250,32
中国福州云顶,福州市永泰县青云山顶,4A,0.0,158,26
德化九仙山,泉州市德化县泉州德化赤水镇,4A,3.6,58,18
莆田九龙谷,莆田市城厢区常太镇莒溪九龙谷国家森林公园,4A,3.7,28,50
侠天下旅游区,三明市尤溪县汤川乡胡厝村侠天下旅游区,4A,0.0,99,12
九鲤湖,莆田市仙游县九鲤湖风景区,4A,5.0,50,62
开元寺,泉州市鲤城区西街176号,4A,5.0,0.6,8
石牛山景区,泉州市德化县水口镇水口街湖坂村赤石口,4A,3.6,274,46
云灵山大峡谷,南平市邵武市水北镇龙斗村316国道旁,4A,0.0,178,6
翡翠湾旅游度假中心,漳州漳浦县六鳌镇鳌西村翡翠湾旅游度假中心,4A,0.0,87.6,12
皇帝洞生态旅游景区,福州市晋安区日溪乡梓山村,3A,0.0,58,16
永泰百漈沟,福州市永泰县梧桐镇大胃口往前1公里,4A,3.5,35.7,8
福安白云山,宁德市福安市西北部穆云乡和晓阳镇境内,4A,3.7,90,4
北溪文苑风景区,泉州市永春县岵山镇北溪村,4A,0.0,22.8,26
桃源洞,三明市永安城北9公里二零五国道旁桃源洞,4A,4.3,44,10
三平风景区,漳州市平和县文峰镇三平村三平风景区,4A,3.6,9,22
宏琳厝,福州市闽清县坂东镇新壶村,3A,3.5,47,10
白水洋,宁德市屏南县双溪镇,5A,4.5,110,4
三坊七巷,福州市鼓楼区三坊七巷,5A,5.0,30,2
鸳鸯溪大峡谷,宁德市屏南县双溪镇,5A,4.3,73,56
天竺山森林公园,厦门市海沧区东孚镇洪塘村西塘社,4A,3.5,29.9,2
贵安溪山温泉,福州市连江县贵安温泉旅游度假区溪山温泉度假酒店,4A,0.0,152,47
金汤湾海水温泉公园,漳州市云霄县陈岱镇岱南村海水温泉度假地1号（与东山岛交界处的八尺门大桥旁,4A,0.0,109,4
东山风动石,漳州市东山岛东北部铜陵镇,4A,3.7,42,47
海坛古城,福州市平潭县综合实验区环岛东路与翠园南路交汇处,4A,0.0,85.3,20
冠豸山,龙岩市连城县冠豸山景区,4A,0.0,60,4
天子温泉,龙岩市永定县城往东3公里,4A,0.0,120,8
龙硿洞,龙岩市新罗区雁石镇龙康村,4A,3.5,6,33
莆田瑞云山风景区,莆田市涵江区大洋乡瑞云村,4A,0.0,39,4
青云山,福州市永泰县城10多公里的岭路乡,4A,3.8,32,86
福州国家森林公园,福州市晋安区新店镇上赤桥,4A,3.6,1.6,84
天一温泉度假村,龙岩市连城县文亨镇文保村汤头自然村,4A,0.0,85,4
五店市传统街区,泉州市晋江市梅岭街道五店市传统街区,4A,0.0,168,52
玉华洞,三明市将乐县梅花村,4A,4.1,103,2
东南花都花博园,漳州市漳浦县马口镇（324国道旁）,4A,4.4,60,69
马銮湾,漳州市东山县康美镇西南,4A,3.9,228,81
鼓山,福州市晋安区鼓山镇鼓山风景区,4A,4.4,100,85
武功山,萍乡市芦溪县境内,5A,5.0,50,520
庐山风景名胜区,庐山九江市南36公里鄱阳湖畔(近九江星子)。,5A,5.0,160,586
南昌融创乐园,南昌市红谷滩区九龙湖新区南龙蟠街888号,4A,0.0,10,208
三清山,上饶市玉山县三清乡（近金沙服务区）,5A,4.3,120,110
望仙谷,上饶市广信区望仙乡,4A,0.0,85,156
滕王阁,南昌市东湖区仿古街58号,5A,5.0,45,92
景德镇古窑民俗博览区,景德镇市瓷都大道古窑路1号,5A,0.0,83,78
龙虎山,鹰潭市郊西南20公里处龙虎山大道1号,5A,3.5,26.6,30
明月山,宜春市中心城南温汤镇潭下村,5A,5.0,2,46
葛仙山,上饶市铅山县,4A,3.5,90,54
婺源篁岭,上饶市婺源县江湾镇篁岭村,4A,0.0,140,48
庐山西海主景区（原柘林湖司马码头）,九江市永修县306省道旁,5A,3.6,65,16
井冈山,吉安市井冈山市茨坪镇,5A,5.0,82,34
仙凤三宝农业休闲观光园,萍乡市宣风镇竹垣村,4A,0.0,45,52
怪石岭,南昌市新建县溪霞镇怪石岭景区,4A,0.0,45,4
绿地中心303观光厅,南昌市东湖区红谷滩新区红谷中大道998号绿地中心双子楼A1栋,4A,0.0,70,34
安义古村,南昌市安义县西郊西山梅岭,4A,3.5,54,12
大觉山,抚州市资溪县建设路60号,5A,3.7,50,4
瑶里,景德镇市东北43公里处,4A,4.9,86,8
浮梁古县衙,景德镇市浮梁县浮梁古县衙景区,4A,3.8,40,38
秀峰,九江市庐山市星子县白鹿镇秀峰风景名胜区,4A,3.7,62,46
灵山风景区,上饶市上饶县北部,4A,0.0,58,26
五龙源极限漂流,上饶市婺源县段莘乡段莘村村道1号五龙源漂流景区内,4A,0.0,158,10
南昌海昏侯国遗址公园,南昌市新建区紫金大道1号,4A,0.0,30,32
丫山景区,赣州市大余县黄龙镇丫山风景区,4A,0.0,93,30
阳明山(原阳岭森林公园),赣州市崇义县县城南郊1公里,4A,3.6,35,12
梅岭狮子峰,江西省南昌市新建区梅岭镇狮子峰景区,4A,3.5,42.5,16
龟峰风景名胜区,上饶市弋阳县弋江镇杨桥路22号,5A,3.6,150,8
三百山景区,赣州市安远县三百山镇符山村过桥垄,4A,3.8,130,16
江西直升机科技馆,景德镇高新区直航路一号,4A,0.0,42.9,8
洪岩仙境风景区,景德镇市乐平市东北部,4A,3.6,64,10
铜钹山,上饶市广丰区064乡道,4A,0.0,40,12
东生围,赣州市安远县县城南20公里的镇岗乡老围村,4A,0.0,30,4
上饶云谷田园生态小镇,上饶市-广信区-Y033,4A,0.0,27,64
凤凰沟,南昌市南昌县黄马乡蓝园大道旁,4A,0.0,43.9,2
庐山天沐温泉,九江市庐山山南景区温泉镇,4A,3.5,120,2
宜春花博园,江西宜春湖田乡湖田村,4A,0.0,5,30
明月山天沐温泉,宜春市袁州区温汤镇江源北路,4A,3.5,105,4
仙女湖,新余市渝水区西南郊16公里处仙女湖风景区,4A,5.0,50,6
洪崖丹井,南昌市湾里区,4A,3.6,25,2
西海温泉,九江市永修县易家河村,4A,3.6,138,70
南武当景区,赣州市龙南县武当镇105国道,4A,0.0,70,10
鄱阳湖国家湿地公园,上饶市鄱阳县,4A,0.0,132,48
羊狮慕风景区,吉安市安福县泰山乡羊狮慕风景区,4A,0.0,93.9,2
婺源熹园,上饶市婺源县锦屏路18号,4A,0.0,60,6
明月千古情,宜春市温汤镇千古情大道,4A,0.0,140,2
江湾,上饶市婺源县江湾镇,5A,4.5,55,6
通天岩,赣州市章贡区水西镇黄沙村,4A,5.0,29,18
天龙山景区,赣州市全南县金龙镇树坳村,4A,0.0,110,2
共和国摇篮景区,赣州市瑞金市,5A,0.0,25.8,60
皇窑（可手工制陶）,景德镇市浮梁县高岭大道668号,4A,0.0,44.8,61
汤里森林温泉旅游度假区,宜春市铜鼓县大塅镇隘口镇,4A,0.0,117,81
龙宫洞,九江市彭泽县西南乌龙山麓,4A,3.6,73,4
八一起义纪念馆,南昌市西湖区中山路中段380号,4A,4.8,329,59
李坑,上饶市婺源县秋口镇李坑村,4A,4.3,55,8
天柱峰,宜春市铜鼓县大塅镇,4A,0.0,99,47
金竹瀑布景区,抚州市乐安县南部金竹畲族乡,4A,0.0,74.9,59
庐山汤太宗温泉度假村,九江市-庐山市-温泉镇环南山公路路北,4A,0.0,167,4
巴夫洛生态谷,高安市大城镇迎宾路166号,4A,0.0,6,74
神龙宫,上饶市万年县大源镇,4A,0.0,85,4
中国洞都,新余市分宜县东北部洞村乡境内,4A,0.0,68,80
怪石林,景德镇市乐平市众埠镇,4A,0.0,38.8,60
天香园,南昌市青山湖区青山湖南大道333号,4A,3.6,35,12
通天寨景区,赣州市石城县琴江镇钱江村,4A,0.0,45,55
婺源鸳鸯湖,上饶市婺源县西部赋春镇,4A,3.9,12,60
东浒寨,九江市修水县征村乡潭坑村境内,4A,0.0,88,6
大鄣山卧龙谷风景区,上饶市婺源县大鄣山乡,4A,3.7,55,77
中国古海,宜春市樟树市葛幺路中国古海养生旅游度假区,4A,0.0,269,90
思溪延村,上饶市婺源县思口镇,4A,4.0,120,30
虔心小镇,赣州市龙南县临塘东坑村,4A,0.0,20,62
翼天欢乐世界,上饶市广信区罗桥街道灵山大道388号,4A,0.0,118,4
黄庭坚故里,九江市修水县双井村,4A,0.0,40,35
阳明湖（原陡水湖）,赣州市上犹县陡水镇陡水湖景区,4A,0.0,85,57
钓源古村,江西省吉安市吉安县兴桥镇,3A,0.0,6,38
石钟山,九江市湖口县双中镇,4A,3.7,64.5,4
美陂古村,吉安市青原区文陂乡,4A,0.0,44.7,86
罗汉岩,赣州市瑞金市壬田镇境内,4A,0.0,9,86
三爪仑,江西省靖安县境内九岭山脉东麓,4A,4.3,18,49
仙盖山,抚州市临川区河埠乡斯和村,4A,0.0,38,45
梅岭竹海明珠,南昌市湾里区梅岭镇立新村,4A,0.0,34.9,60
上堡梯田,江西省赣州市崇义县上堡乡,4A,0.0,6,48
抚州灵谷峰,抚州市临川区东南郊,4A,0.0,9,98
流坑古村,抚州市乐安县牛田镇流坑村,4A,3.9,5,36
三翁花园,抚州市抚州高新技术产业开发区王安石大道以南汤显祖大道以东玉茗大道以西,4A,0.0,25,44
汉仙岩,赣州市会昌县筠门岭镇境内紧靠206国道,4A,3.6,55,31
关西围,赣州市龙南县关西镇关西村,4A,0.0,50,44
赣州青龙岩景区,赣州市寻乌县南桥镇南龙村,4A,0.0,48,85
禅都文化博览园,宜春市袁州区锦绣大道（外环北路）,4A,0.0,38,61
阁皂山,宜春市樟树市601县道,4A,3.7,19,12
源头古村,上饶市婺源县赋春镇源头村,4A,0.0,63.8,89
水墨上河,上饶市婺源县秋口镇上河村,4A,0.0,55,52
青岛海底世界,青岛市市南区莱阳路2号,4A,3.7,20,12171
青岛森林野生动物世界,青岛市黄岛区珠山风景区（灵珠山）,4A,3.5,10,3120
崂山,青岛市崂山区崂山风景区,5A,4.1,20,1296
泉城海洋极地世界,德州市齐河县黄河国际生态城旅游路08号（临近济南北部）,4A,0.0,177,764
泉城欧乐堡梦幻世界,德州市齐河县黄河国际生态城旅游路08号（临近济南北部）,4A,0.0,195,606
青岛啤酒博物馆,青岛市市北区登州路56号青岛啤酒博物馆,4A,3.6,35,628
蓬莱海洋极地世界,烟台市蓬莱区海港路东88号,4A,3.9,117.8,522
趵突泉公园,济南市历下区趵突泉南路1号,5A,4.7,20,422
泰山,泰安市泰山区红门路,5A,5.0,57,478
青岛海昌极地海洋公园,青岛市东海东路60号,4A,3.8,247,626
欧乐堡梦幻世界,烟台市蓬莱区海市路三仙山大酒店对面,4A,0.0,144.6,252
济南野生动物世界,济南市章丘区经十东路与埠村路交叉口南行7公里（紧邻济南植物园）,4A,0.0,193.9,372
青岛方特梦幻王国,青岛市城阳区红岛街道岙东南路（胶州湾大桥红岛出口即达）,4A,0.0,279,344
台儿庄古城,枣庄市台儿庄区东顺路中段古城东门,5A,0.0,59,154
日照海洋公园,日照市东港区碧海路185号（万平口四号门路西）,4A,0.0,118.5,198
刘公岛,威海市环翠区海滨北路101-2号（刘公岛旅游码头）,5A,5.0,77,152
临沂动植物园旅游区,临沂市经济技术开发区沭河大道与延安路交汇处西500米,4A,3.6,39.9,242
蓬莱阁,烟台市蓬莱区迎宾路7号西北一点五公里临海的丹崖上,5A,5.0,50,118
压油沟风景区,临沂市兰陵县金陵镇压油沟村101号,4A,0.0,54,312
千佛山风景区,济南市历下区经十一路18号,4A,4.3,15,146
济南方特东方神画,济南市槐荫区吴家堡镇济齐路277号（西客站北侧）,4A,0.0,265,130
泰安方特欢乐世界,泰安市泰山区东部新区明堂路北首,4A,0.0,240,24
长岛,烟台市蓬莱区长岛风景区,4A,3.9,40,90
日照海滨国家森林公园,日照市东港区北沿海路北首碧海路201号,4A,4.1,38,118
信号山公园,青岛市市南区齐东路17号、龙口路16号甲,3A,3.6,8,166
大明湖,济南市历下区大明湖路271号,5A,5.0,0.5,14
曲阜孔庙,济宁市曲阜市半壁街（近神道路）,4A,0.0,100,144
龙口南山旅游区,烟台市龙口市南山旅游景区,5A,3.6,115,52
八仙过海景区,烟台市蓬莱区海滨路8号,5A,3.6,40,38
地下大峡谷,临沂市沂水县姚店子镇,5A,5.0,86,84
青岛世博园,青岛市李沧区世园大道（长水路）,4A,0.0,22.4,64
潭溪山,淄博市淄川区太河镇峨庄乡石沟村,4A,0.0,38.3,66
奥帆中心,青岛市市南区燕儿岛路1号奥帆中心1号门码头,4A,3.7,45,72
珠山国家森林公园,青岛市经济开发区灵珠山街道木厂口村,4A,0.0,34,20
九如山度假风景区,济南市历城区西营街道,4A,3.5,190,126
三仙山风景区,烟台市蓬莱区海滨路9号,5A,3.7,60,18
萤火虫水洞,临沂市沂水县院东头乡,5A,4.3,95,8
刘家湾赶海园,日照市东港区涛雒镇刘家湾（南沿海路中段）,4A,3.8,35,36
竹泉村,临沂市沂南县铜井镇竹泉村,4A,0.0,80,86
沂蒙山云蒙景区(蒙山国家森林公园),临沂市蒙阴县城南18公里,5A,3.7,33.8,54
玫瑰小镇,青岛市即墨区灵山镇西姜戈庄村s209省道旁,4A,0.0,40,12
藏马山度假区,青岛藏马山国际旅游度假区（青岛市黄岛区）,4A,0.0,19.9,12
滕州微山湖红荷湿地景区,枣庄市滕州市滨湖镇,4A,0.0,24,16
青岛茶山景区,青岛市平度市店子镇,4A,0.0,30,42
沂蒙山旅游区,潍坊市临朐县沂山镇镇址南300米,5A,0.0,35,8
周村古商城,淄博市周村区周村大街296号,4A,3.6,47,10
智圣汤泉,临沂市沂南县朝阳路北首,4A,0.0,79,18
张裕卡斯特酒庄,烟台市开发区古现办事处206国道路北,4A,0.0,40,10
百脉泉公园,济南市章丘市明水汇泉路2017号,4A,3.6,9.9,132
青山秀水旅游度假区,潍坊市昌邑市石埠镇永大路2号,4A,0.0,29.9,34
雪山彩虹谷,临沂市沂水县沂河山庄东2.5公里雪山彩虹谷内,4A,4.5,45,36
济南植物园,济南市章丘市埠村镇埠西村济南植物园,4A,3.6,27.9,44
观唐温泉,临沂市河东区滨河东路与汶泗路交汇处，汤头镇驻地，距市区20公里,4A,0.0,98,26
烟台牟氏庄园,烟台市栖霞市霞光路庄园南街6号,4A,3.8,58,8
临沂龙园旅游区,临沂市河东区汤头镇滨河大道与观塘街交汇处北5公里,4A,0.0,49,38
仙姑顶,威海市环翠区望岛巍峰山,4A,3.6,49,20
九顶塔中华民俗欢乐园,济南市历城区柳埠镇秦家庄,4A,0.0,59.6,34
灵岩寺,济南市长清县万德镇境内,4A,3.6,1.2,18
金宝乐园,潍坊市奎文区潍洲路438号,4A,3.8,65,12
天谷旅游景区（天然地下画廊）,临沂市沂水县院东头镇,4A,4.3,65,4
魏集古村落,滨州市惠民县魏集镇,4A,0.0,39,16
朱家峪民俗旅游区,济南市经十东路东首朱家峪,4A,3.5,20,30
昆嵛山国家森林公园,烟台市牟平区东南20公里处昆嵛山林场,4A,3.6,6,6
鲁山国家森林公园,淄博市博山区池上镇,4A,3.6,8,4
红叶谷生态文化旅游区,济南市南部山区锦绣川水库南3公里处,4A,3.6,39.7,20
青岛海滨,山东省青岛市市南区京山路11号,4A,3.7,59,10
德百温泉度假村,德州市夏津县黄河故道森林公园A区,4A,0.0,77,6
五莲山,日照市五莲县文化路东首,4A,4.0,57.9,6
青檀寺,山东省枣庄市峄城区王府山村冠世榴园风景,4A,0.0,6,18
十笏园,潍坊市潍城区胡家牌坊街49号,4A,0.0,22,22
新盈泰温泉度假村,滕州市平行南路原104国道路西,4A,0.0,36,10
云瀑洞天,临沂市费县南张庄乡,4A,0.0,52,4
翼云石头部落旅游度假区,枣庄市山亭区兴隆庄村,4A,0.0,38,16
兰陵国家农业公园,临沂市兰陵县顺河路中段,4A,0.0,48,14
齐山,淄博市淄川区太河镇镇政府南5公里,4A,0.0,19.9,62
宛园,聊城市临清市北环路与大众路交叉口,4A,0.0,39.9,30
济南金象山橡谷国际营地,济南市历城区锦绣川商家村金象山风景区,4A,3.6,58.9,14
仰天山国家森林公园,潍坊市青州市王坟镇仰天山国家森林公园,4A,3.9,60,18
青云山民俗游乐园,山东潍坊南30公里（安丘市区东）,4A,3.9,27,18
曹州牡丹园,菏泽市牡丹区人民路1000号牡丹街道办事处旁,4A,5.0,10,16
红石寨,临沂市沂南县铜井镇红石寨旅游度假区,4A,0.0,72,30
广饶孙子文化园,东营市广饶县乐安大街1678号,4A,0.0,80,38
景阳冈,聊城市阳谷县景阳冈旅游区,4A,3.9,26.1,12
羊山风景区,济宁市金乡县西北部羊山镇驻地,4A,0.0,36.8,16
无极鬼谷,临沂市临港景区开发区朱芦镇刘家彩村,4A,0.0,45,26
张裕国际葡萄酒城旅游区,烟台市开发区古现办事处206国道路北,4A,0.0,40,8
冠世榴园,枣庄市区南部、峄城区西部的群山之阳,4A,3.9,30,4
莲青山,枣庄市滕州市东郭镇莲青山风景区,3A,0.0,27,14
老君山风景区,洛阳市栾川县七里坪村21组,5A,3.6,95.8,412
龙门石窟,洛阳市洛龙区龙门镇龙门大道,5A,5.0,39.9,336
清明上河园,开封市龙亭区龙亭西路5号,5A,5.0,120,124
郑州方特欢乐世界,郑州市郑州新区郑开大道与人文路交叉口向南(绿博园北门正对面),4A,0.0,276,182
龙潭大峡谷,洛阳市新安县洛阳市新安县北部,5A,3.5,40,158
云台山,焦作市修武县七贤镇沙墙村北2公里,5A,5.0,50,54
重渡沟,洛阳市栾川县潭头镇重渡村,4A,3.6,114,128
栾川竹海野生动物园（原伏牛山东北虎园）,洛阳市栾川县仓房村,4A,0.0,136,260
豫西大峡谷,三门峡市卢氏县官道口镇东汉村,4A,4.8,45,82
少林寺景区,河南省登封市中岳嵩山西麓,5A,4.3,79,88
洛阳白云山度假区,洛阳市嵩县南部伏牛山腹地白云山国家森林公园,5A,3.6,75,54
建业•华谊兄弟电影小镇,郑州市郑开大道建业·华谊兄弟电影小镇,4A,0.0,99,98
银基国际旅游度假区,新密市乐海水世界东北侧150米,4A,0.0,69.9,746
宝泉,新乡市辉县薄壁镇,4A,0.0,107,46
红旗渠,安阳市林州市,5A,5.0,68.5,32
殷墟,安阳市殷都区殷墟路1号,5A,4.7,65,20
隋唐洛阳城明堂天堂景区,洛阳市西工区中州路与定鼎路交叉口,4A,0.0,110,48
万岁山•大宋武侠城,开封市龙亭区东京大道中段,4A,0.0,30,54
太行大峡谷,安阳市林州市石板岩乡,5A,4.7,118,26
嵩山,郑州市登封市中岳大街146号,5A,4.9,58,10
鸡冠洞,洛阳市栾川县城西3公里处,5A,3.6,75,42
洛阳白马寺,洛阳市洛龙区白马寺镇洛白路6号,4A,4.4,99,18
大相国寺,开封市鼓楼区自由路西段36号,4A,4.6,36,38
开封府,开封市包公东湖北岸,4A,4.8,58,52
郑州园博园,郑州市航空港实验区梁州大道与苑陵路交汇处东北角,4A,0.0,30,28
中原福塔,郑州市管城回族区航海东路1206号,4A,0.0,49,32
郑州黄河文化公园,郑州市惠济区江山路黄河南岸1号,4A,4.1,6,24
大熊山仙人谷,郑州市登封市徐庄镇,4A,0.0,49,16
西峡恐龙遗迹园,南阳市西峡县丹水镇,5A,4.1,70,8
万泉湖风景区,河南省安阳市林州市临淇镇万泉湖风景区,4A,0.0,39,24
鸡公山,信阳市南38公里的豫鄂两省交界处,4A,5.0,60,44
神灵寨,洛阳市洛宁县涧口乡,4A,3.5,44.4,42
郑州绿博园,郑州市中牟县刘集镇郑开大道与人文路交会处,4A,0.0,18,44
龙亭公园,开封市鼓楼区中山路北段,4A,4.3,29.7,10
南湾湖,信阳市浉河区南湾街188号,4A,4.4,60,14
黄帝千古情,河南省郑州市大学南路566号,4A,0.0,168,38
养子沟,洛阳市栾川县城东5公里处养子沟景区,4A,3.5,38,30
宝天曼峡谷漂流,南阳市内乡县大龙村,4A,0.0,145,14
王府竹海度假旅游区,洛阳市栾川县狮子庙镇王府沟村,4A,0.0,41,66
五朵山,河南省南阳市南召县五朵山,4A,3.7,29.9,42
太昊伏羲陵,河南省周口市淮阳县龙都大道,4A,3.5,2.6,8
朱仙镇启封故园景区,开封市祥符区运粮河西岸朱仙镇,4A,0.0,18,10
青要山,洛阳市新安县曹村乡,4A,3.5,32,44
恐龙谷漂流,洛阳市汝阳县靳村乡椿树村,4A,0.0,75,10
老乐山,驻马店市确山县城西10公里,4A,0.0,47.5,34
灯台架,舞钢市杨庄乡东南16公里处,4A,0.0,50,14
神州鸟园,漯河市源汇区金江路144附近,4A,0.0,45,24
金顶山,驻马店市确山县蚁峰镇,4A,0.0,28.5,18
中岳庙,登封市316省道（少林大道，市区以西约4公里）,4A,3.7,27,6
关林庙,洛阳市洛龙区关林南路2号,4A,4.0,39,10
尧山大峡谷漂流,平顶山市鲁山县尧山镇境内,4A,3.8,135,57
老界岭,南阳市西峡县太平镇,5A,4.1,0.9,6
八里沟,新乡市太行山南麓深山区八里沟风景区,5A,4.2,2.9,6
薰衣草庄园,洛阳市伊滨区伊河廊道,4A,0.0,15,73
五龙洞国家森林公园,林州市五龙镇,3A,0.0,18,75
青天河,焦作市博爱县青南路,5A,3.6,2.6,73
黄河三峡景区,济源市下冶镇逢北村,4A,4.0,6,48
尧山,平顶山市鲁山县尧山镇西竹园村,5A,5.0,1.8,4
包公祠,开封县向阳路1号,4A,4.6,27,2
伏羲山飞龙峡,郑州市新密市钟沟村,4A,0.0,38.9,41
天波杨府,开封市龙亭区龙亭北路14号,4A,4.5,36,2
嵖岈山,驻马店市遂平县,5A,3.5,65,4
南海禅寺,中国河南省驻马店市汝南县南海大道,4A,0.0,39,2
万仙山,新乡市辉县沙窑乡,4A,5.0,20,87
康百万庄园,巩义市康店镇庄园路59号,4A,3.6,48,8
灵山,信阳市罗山县灵山镇,4A,3.9,50,96
铁塔公园,开封市顺河回族区北门大街210号,4A,4.1,7,46
花都温泉度假村,许昌市鄢陵县陈化店镇311国道路北,4A,0.0,91,94
神农山,焦作市沁阳市北部紫陵镇神农山景区,5A,3.6,28,16
陕州地坑院,三门峡市陕州区张汴乡北营村,4A,0.0,57,75
洛阳凤翔温泉,洛阳市王城大道南端，新区体育场南7公里,4A,0.0,59.9,4
古柏渡飞黄风景区,郑州市上街区连霍高速虎牢关出口向北3000米,4A,0.0,19.9,61
南阳卧龙岗武侯祠,南阳市卧龙区卧龙路766号,4A,4.4,48,4
龙潭沟,南阳市西峡县城北38公里处,4A,4.3,9,92
南召大宝天曼度假区,河南南阳市南召县乔端镇-南召宝天曼景区,4A,4.5,35,37
竹林长寿山景区,郑州市巩义市竹林镇,4A,0.0,40,51
伏牛山滑雪乐园,洛阳市栾川县石庙镇杨树坪村,4A,3.5,190,90
中原大佛景区,平顶山市鲁山县赵村乡上汤村,5A,0.0,0.6,73
木札岭,洛阳市嵩县车村镇龙王村,4A,3.5,58,52
王屋山,济源市（西北40公里处）王屋镇愚公村,4A,5.0,45,78
云梦山,鹤壁市淇县云梦山风景区（县城以西约15公里）,4A,5.0,53,66
诗景龙潭峡景区,平顶山市鲁山县尧山镇（二郎庙）,3A,4.1,50,63
小沟背风景区,济源市邵原镇小沟背村,4A,0.0,45,95
丹江大观苑,南阳市淅川县石桥村鲁家沟,4A,0.0,90,2
中国翰园,开封市龙亭北路15号,4A,4.0,32,70
画眉谷,平顶山市鲁山县尧山镇,4A,4.9,55,73
金刚台（猫耳峰）景区,信阳市商城县苏仙石乡,4A,0.0,36,68
函谷关,灵宝市函谷关历史文化旅游区,4A,5.0,70,4
丰乐樱花园,郑州市荥阳市连霍高速上街虎牢关站下沿石化路向北行驶2500米（古柏渡飞黄旅游区附近）,4A,0.0,19.9,57
七峰山生态旅游区,方城县杨集乡磨沟村,4A,0.0,62,6
嵩阳书院,郑州市近郊登封市嵩山南麓,4A,3.9,30,2
嘉应观,焦作武陟县城东南12公里杨庄村南,4A,3.5,35,63
黛眉山,洛阳市新安县石井镇,4A,0.0,54,2
石窟寺,郑州市巩义市寺湾村,3A,0.0,7,75
黄鹤楼,武汉市武昌区蛇山西山坡特1号,5A,5.0,65,1276
武汉海昌极地海洋公园,武汉市东西湖区金银潭大道96号,4A,0.0,228,2036
武汉欢乐谷,武汉市东湖生态旅游风景区欢乐大道196号（近武汉火车站）,4A,0.0,164,676
武当山,十堰市武当山旅游经济特区金街1号,5A,5.0,258,610
朝天吼漂流,宜昌市兴山县朝天吼漂流,4A,3.5,25,334
恩施大峡谷,湖北省恩施市沐抚办事处恩施大峡谷游客接待中心,5A,0.0,2.3,394
中国唐城,襄阳市襄城区向阳路十家庙村4组（习家池对面）,4A,0.0,64.5,490
木兰草原,武汉市黄陂区王家河镇,5A,3.5,64,330
木兰天池,武汉市黄陂区石门镇,5A,3.6,59,220
三峡人家,宜昌市夷陵区三斗坪镇石牌村,5A,3.9,189,256
清江画廊,宜昌长阳县龙舟坪镇,5A,3.6,83.5,196
恩施地心谷景区（石门河）,恩施州建始县高坪镇,4A,0.0,80,146
武汉东湖风景区,武汉市武昌区沿湖大道16号,5A,0.0,28,50
武汉花博汇,武汉市蔡甸区天星村1号,4A,0.0,55,174
狮子关旅游区,恩施州宣恩县珠山镇封口坝村三组,4A,0.0,108,148
木兰清凉寨,武汉市黄陂区蔡店乡,4A,3.5,51.5,118
三峡大瀑布,宜昌市夷陵区黄花乡黄花场村,4A,3.5,57,110
三峡大坝旅游区,宜昌市夷陵区三斗坪镇江峡大道,5A,5.0,79,62
腾龙洞,恩施土家族苗族自治州利川市腾龙大道1号,5A,4.8,158,42
九畹溪漂流,宜昌市秭归县334省道,4A,0.0,90.4,12
屈原故里,宜昌市秭归县平湖大道,5A,3.7,67.5,122
襄阳华侨城奇幻度假区,襄阳市襄州区东津新区华侨城,3A,0.0,48,264
恩施土司城,恩施市土司路138号,4A,4.4,42,76
古隆中,襄阳市襄城区隆中路461-1号古隆中风景区游客中心,5A,5.0,88,112
武汉市博物馆,武汉市江汉区汉口青年路373号,4A,3.5,1.2,16
梭布垭石林,恩施市太阳河乡,4A,0.0,82,48
锦里沟,武汉市黄陂区蔡店乡道士冲村,4A,0.0,59,40
三国赤壁古战场,湖北省咸宁市赤壁市赤壁镇武侯巷6号,5A,0.0,115,56
隐水洞,咸宁市通山县大畈镇,4A,3.5,107,76
武汉植物园,武汉市洪山区鲁磨路特1号 ,4A,3.6,30,70
梁子湖龙湾度假村,武汉市江夏区光谷梁子湖大道特1号梁子湖北岸龙湾半岛（江夏区五里界北咀）,3A,0.0,20,32
仙岛湖,黄石市阳新县王英镇码头路,4A,3.8,108,32
神农顶景区,神农架林区红坪镇,5A,5.0,130,48
四季花海,黄冈市英山县温泉镇两河口大桥四季花海游客中心,4A,0.0,49,52
悦兮半岛温泉,荆州市洪湖市乌林镇胡洲村,4A,0.0,30,24
天堂寨,黄冈市罗田县天堂寨景区,4A,4.5,95,54
百里荒生态旅游区,宜昌市夷陵区分乡镇,4A,0.0,48,40
西游记公园,随州市洪山镇温泉村西游记公园景区,4A,0.0,9.9,64
九宫山,咸宁市通山县九宫山风景名胜区笔架山路8号,4A,3.9,59.9,28
凤凰镇凤娃古寨,武汉市新洲区凤凰镇凤娃古寨,4A,0.0,43,86
西陵峡风景名胜区,宜昌市西陵区南津关村,4A,3.6,28,22
薄刀峰,黄冈市罗田县大别山国家森林公园薄刀峰景区,4A,3.6,63,50
大洪山风景名胜区,随州市随县长灵路西侧,4A,4.9,50,64
九真山风景区,武汉市蔡甸区永安镇九真山,4A,0.0,49,66
荆州古城,荆州市荆州区张居正街2号,4A,5.0,32,52
东湖海洋世界,武汉市武昌区沿湖大道20号,3A,3.5,45,70
金卉庄园,孝感市孝南区朋兴乡朋兴店（107国道旁）,4A,0.0,58,40
五道峡,襄阳市保康县后坪镇后坪村,4A,3.7,88,68
阳新天空之城,黄石市阳新县王英镇,3A,0.0,189,54
三江森林温泉,咸宁市咸安区月亮湾路2号三江森林温泉度假区,4A,0.0,88,10
金龙水寨旅游景区,武汉市蔡甸区索河镇龚家渡金龙湖畔,4A,0.0,47.9,80
沔阳小镇,仙桃市排湖风景区沔阳小镇,3A,0.0,36,164
柴埠溪大峡谷,湖北省宜昌市柴埠溪大峡谷大湾口景区,4A,3.5,43.5,22
紫薇都市田园,武汉市新洲区仓埠丰乐村特1号,4A,0.0,60,6
中国汉城,襄阳市枣阳市中兴大道东侧,4A,0.0,50,20
木兰花乡,武汉市黄陂区姚家集街杜堂村葛家湾58号,4A,0.0,63,50
黄仙洞景区,荆门市钟祥市大洪山南麓黄仙洞景区,4A,4.0,60,10
木兰文化生态旅游区,武汉市黄陂区王家河镇,5A,0.0,38,54
武汉姚家山旅游风景区,武汉市黄陂区蔡店街道姚山村姚家山旅游风景区,4A,0.0,48.5,36
车溪民俗旅游区,宜昌市点军区土城乡323省道,4A,3.6,65,32
大悟十八潭,孝感市大悟县三里镇石铺村,4A,0.0,30,52
神农架林区天生桥,神农架林区境内,5A,3.6,160,14
黄陂大余湾,武汉市黄陂区木兰乡双泉村,4A,0.0,25,40
绿林山,荆门市京山县绿林镇绿林山风景区,4A,0.0,54,14
三峡竹海,宜昌市秭归县茅坪镇泗溪村,4A,0.0,75,24
米公祠,襄阳市樊城区沿江大道2号,3A,3.9,22,6
襄阳春秋寨景区,襄阳市南漳县东巩镇陆坪村,4A,0.0,45,20
明显陵,荆门市钟祥市显陵路,4A,4.4,60,36
香水河,襄阳市南漳县薜坪镇东4公里处,4A,3.7,78,8
三峡九凤谷,宜昌市宜都市五眼泉镇,4A,0.0,105,6
龙麟宫,湖北省恩施土家苗族自治州恩施市城西郊麒麟溪源头,3A,3.7,42,4
后河天门峡,宜昌市五峰县境内（距五峰县城20公里）,4A,0.0,50,12
龙凤山景区,黄石市大冶市刘仁八镇八角亭,4A,0.0,33.75,4
东方山风景区,黄石市下陆区东方山路8号,4A,3.8,30,8
野村谷郊野度假公园,武汉市黄陂区王家河街长堰街火塔公路段,3A,0.0,45.1,46
鸣凤山景区,宜昌市远安县鸣凤镇凤山村三组,4A,0.0,54,8
帝王湖,黄冈市红安县高桥镇龙王山村,3A,0.0,50,12
古潮音洞,宜昌市宜都市聂家河镇三二五省道62.8公里处,3A,3.5,48,8
黄家湾风景区,襄阳市襄城区贾洲（襄荆高速公路隆中入口处）,3A,0.0,34,30
张居正故居,荆州市荆州区荆南路2号,3A,3.6,18,6
枫林地心大峡谷,黄石市阳新县枫林镇石屋泉洞,3A,0.0,159.5,8
双峰山,湖北省孝感市双峰大道,4A,5.0,6,2
云雾山,武汉市黄陂区西北部泡桐店,5A,3.5,70,2
神农架国际生态旅游区,神农架林区境内,5A,3.8,22,8
清江方山风景区,宜昌市长阳龙舟坪镇郑家榜村,4A,0.0,95,16
武汉杜莎夫人蜡像馆,武汉市武昌区东湖和沙湖之间楚河汉街021号,3A,0.0,130,4
咸宁万豪温泉谷,咸宁市温泉区月亮湾路特1号（近潜山国家森林公园）,4A,0.0,98,87
洈水风景区,荆州市松滋市洈水镇洈水风景区,4A,3.5,95,2
南河小三峡,襄阳市谷城县南河镇胡家渡西峡路附近,3A,0.0,35,39
咸宁楚天瑶池温泉,咸宁市咸安区温泉路3号,4A,0.0,78,39
嘉鱼山湖温泉,湖北省嘉鱼县鱼岳镇连江大道,4A,3.6,58,74
三游洞,宜昌市西陵区南津关路8号,4A,0.0,65,63
漳河风景区,荆门市东宝区漳河镇文卫路54号,4A,3.9,17.7,12
张家界国家森林公园,湖南省张家界市武陵源区军地坪,5A,4.7,63,952
天门山国家森林公园,张家界市永定区大庸路天门山索道公司下站,5A,4.1,278,588
长沙世界之窗,长沙市开福区三一大道485号,4A,3.6,198,444
橘子洲,长沙市岳麓区橘子洲头2号,5A,5.0,148,264
长沙生态动物园,长沙市天心区暮云镇西湖村芙蓉南路气象局对面,4A,0.0,170,424
湖南省博物馆,长沙市开福区东风路50号,4A,4.8,2.9,118
华谊兄弟（长沙）电影小镇,湖南省长沙市岳麓区坪塘街道星光路6号,4A,0.0,99,220
武陵源风景名胜区,张家界市武陵源区306省道,5A,5.0,12,172
长沙海底世界,长沙市开福区三一大道501号,4A,3.5,150,288
岳麓山,长沙市登高路58号,5A,4.6,0.2,134
岳阳楼,岳阳市岳阳楼区洞庭北路,5A,5.0,70,182
东江湖旅游区,郴州市资兴市东江湖景区,5A,4.3,80,228
衡山风景区,衡阳市南岳区,5A,5.0,110,134
凤凰古城,湘西土家族苗族自治州凤凰县凤凰古城,4A,5.0,45,48
张家界大峡谷,张家界市慈利县三官寺乡,4A,3.5,59.8,128
新华联铜官窑古镇,长沙市望城区铜官街道铜官窑路1号,4A,0.0,99,126
芙蓉镇,湘西土家族苗族自治州永顺县芙蓉镇,4A,3.5,102,118
石燕湖,长沙市长沙县跳马乡石门村,4A,3.7,153,68
黄龙洞,张家界市武陵源区,4A,4.2,1.5,52
关山古镇,长沙市宁乡县金洲镇关山旅游社区,4A,0.0,42,12
猛洞河漂流,湘西土家族苗族自治州永顺县S230,4A,0.0,170,10
大围山国家森林公园,长沙市浏阳市大围山镇,4A,3.6,85,20
矮寨大桥,湘西土家族苗族自治州吉首市矮寨镇65国道,5A,0.0,115,8
天心阁,长沙市天心区天心路17号,4A,4.0,30,18
湖南神农谷,株洲市炎陵县十都镇067县道,4A,0.0,107,18
崀山,邵阳市新宁县崀山镇S218省道附近崀山国家级风景名胜区,5A,5.0,68,40
韶山旅游区,湘潭市韶山市韶山乡韶润大道1号,5A,0.0,38,6
花明楼景区,长沙市宁乡县花明楼镇,5A,3.6,0.3,6
常德卡乐星球欢乐世界,常德市柳叶湖旅游度假区梦幻桃花岛,4A,0.0,188,60
张家界万福温泉冷泉冰泉水世界,张家界市慈利县常张高速慈利东出口466米处,4A,3.5,84.3,38
茅岩河九天洞景区,张家界市桑植县利福塔镇水洞村,4A,3.6,36.3,18
君山岛,岳阳市岳阳楼区洞庭北路60号,5A,0.0,78,20
黑麋峰国家森林公园,长沙市望城区桥驿镇,4A,0.0,26.9,20
曾国藩故居,娄底市双峰县荷叶镇富托村,4A,4.8,9,14
盘龙大观园,湘潭市岳塘区芙蓉大道195号,4A,0.0,99,18
龙王洞,常德市石门县白云镇望羊桥村,4A,3.6,50,8
梅山龙宫,娄底市新化县油溪乡高桥村,4A,5.0,93,8
大熊山国家森林公园,娄底市新化县大熊山,4A,0.0,64,14
三联峒冰泉景区,娄底市新化县维山乡四都三联峒村,4A,0.0,35,20
夹山国家森林公园,常德市石门县常德石门夹山国家森林公园,4A,3.6,55,44
株洲市酒仙湖景区,湖南省株洲市攸县酒埠江风景名胜区酒埠江镇政府,4A,0.0,91,20
舜帝陵,永州市宁远县九嶷山舜源峰北麓（县城以南约30公里）,4A,0.0,54,12
花岩溪,常德市鼎城区花岩溪林场,4A,3.7,19.8,8
城头山旅游景区,常德市澧县城头山镇城头山旅游景区,4A,0.0,55,4
云台山风景区,益阳市安化县马路镇云台山,4A,0.0,40,14
张谷英村,岳阳市岳阳县张谷英镇,4A,3.7,42,69
常德桃花源,常德市桃源县桃花源镇,5A,5.0,118,4
德夯苗寨,湖南省吉首市德夯矮寨镇,4A,4.3,1.4,81
土家风情园,张家界市永定区大庸路旺角佳园对面,4A,3.9,80,2
靖港古镇,长沙市望城县靖港古镇,4A,0.0,54,65
屈子文化园,岳阳市汨罗市屈子祠镇新义村,4A,0.0,55,12
崀山风景名胜区,邵阳市新宁县崀山镇S218省道附近崀山国家级风景名胜区,5A,0.0,100,77
宁乡灰汤紫龙湾温泉度假区,长沙市宁乡县灰汤镇汤泉社区将军路2号,4A,3.5,167,6
汝城温泉福泉汤谷,郴州市汝城县热水镇,4A,3.5,118,51
红石林,湘西土家族苗族自治州古丈县花兰村,4A,3.5,106,2
湖南省森林植物园,长沙市雨花区植物园路111号,4A,0.0,268,97
千龙湖生态旅游度假区,长沙市望城区格塘镇千龙湖生态旅游度假区,4A,0.0,98,2
奇梁洞,凤凰县北路(齐良桥九年制学校旁),4A,4.0,78.9,8
铜官窑,长沙市望城区丁字镇彩陶源村,4A,0.0,36,6
张家界江垭温泉,张家界市慈利县江垭镇江垭温泉度假村,4A,0.0,66.3,64
飞天山,郴州市苏仙区桥口镇,4A,5.0,73,94
柳叶湖,常德市武陵区柳叶大道,4A,3.9,45,26
板梁古村,郴州市永兴县高亭乡境内,4A,0.0,33,48
莽山国家森林公园,宜章县莽山瑶族乡国家森林公园,4A,4.6,400,98
昭山城市海景水上乐园,湘潭市昭山示范区长株潭大市场仰天湖南岸,4A,0.0,99,56
苏仙岭,湖南省郴州市苏仙区苏仙北路2号,4A,4.1,44.3,8
溆浦穿岩山国家森林公园,怀化市溆浦县统溪河乡溆水附近,4A,0.0,140,63
紫鹊界梯田,娄底市新化县水车镇,4A,4.6,62.9,4
洋沙湖国际旅游度假区,岳阳市湘阴县袁家铺镇洋沙湖国际旅游度假区,4A,0.0,48,74
洪江古商城,怀化市洪江区新民路367号（洪江1915）,4A,4.2,80,98
乾州古城,湘西土家族苗族自治州吉首市人民南路,4A,0.0,70,4
芋头古侗寨,怀化市通道县双江镇芋头村,4A,3.8,34.5,68
矮寨奇观旅游区,湘西土家族苗族自治州吉首市,5A,0.0,179.5,4
龙女温泉,郴州市北湖区市郊乡铜坑湖村,4A,0.0,110,35
世界之窗,深圳市南山区华侨城深南大道9037号,5A,0.0,110,1004
东莞观音山旅游风景区,东莞市樟木头镇笔架山大道观音山国家森林公园,4A,3.8,38.5,1106
深圳野生动物园,深圳市南山区西丽湖路4086号（西丽湖东侧）,4A,0.0,197,1134
东莞香市动物园,东莞市寮步镇香市旅游区（药勒村）,4A,0.0,106,798
广州长隆旅游度假区,广州市番禺区番禺大道,5A,3.5,100,940
西樵山风景名胜区,佛山市南海区西樵镇环山大道山南路,5A,4.6,50,568
增城白水寨风景名胜区,广州市增城区派潭镇白水寨风景名胜区,4A,3.6,56,498
宝墨园,广州市番禺区沙湾镇紫坭村大川岗,4A,3.6,42,522
隐贤山庄,东莞市常平镇隐贤山庄大道8号,4A,3.5,60,574
锦绣中华民俗村,深圳市南山区华侨城深南大道9003号,5A,3.7,209.9,308
青青世界,深圳市南山区月亮湾,4A,3.6,39.9,494
深圳仙湖植物园,深圳市罗湖区仙湖路160号仙湖植物园,4A,3.5,4,398
广州塔,广州市海珠区阅江西路222号,4A,0.0,149,432
广州动物园,广州市先烈中路120号,4A,3.7,27,326
盈香生态园,佛山市高明区荷城街道西安冼村,4A,0.0,113.5,336
岭南印象园,广州市番禺区大学城外环西路,4A,3.7,51,372
外伶仃岛,珠海市香洲区担杆镇外伶仃岛,4A,3.7,118,312
闸坡大角湾,阳江市江城区海陵岛闸坡镇西南端,5A,4.5,44,296
广东科学中心,广州市番禺区大学城西六路168号,4A,0.0,59.7,342
黄腾峡生态旅游区,清远市清城区黄腾峡生态旅游区,4A,0.0,43,324
东部华侨城,深圳市盐田区大梅沙东部华侨城,4A,3.8,96.5,252
洞天仙境,清远市英德市九龙镇,4A,0.0,63.7,352
长鹿旅游休博园,佛山市顺德区伦教三洲建设东路8号,5A,3.6,75,254
韶关丹霞山,韶关市仁化县,5A,5.0,95,218
沙湾古镇,广州市番禺区沙湾镇北村,4A,0.0,30,258
南沙湿地公园,广州市南沙区万顷沙镇新港大道1号,4A,3.5,34,154
华南植物园,广州市天河区兴科路723号,4A,3.6,0.8,190
海上田园,深圳市宝安区沙井镇民主村民主大道,4A,3.7,40,206
碧水湾温泉度假村,广州市从化区良口镇御泉大道353号,4A,3.6,149,88
清远笔架山旅游区,清远市清新区笔架山旅游区,3A,0.0,67.9,200
观澜山水田园旅游文化园,深圳市龙华区观澜镇君子布环观南路山水田园文化园,4A,3.5,85,112
佛山顺德史努比缤纷世界,佛山市顺德区大良新区龙盘西路1号,4A,0.0,72,132
东澳岛,珠海市香洲区,4A,3.7,68,98
荷花奇境,佛山市三水区南丰大道,4A,3.9,45,118
南沙百万葵园,广州市南沙区万顷沙镇新垦15涌,4A,3.6,71.6,50
古龙峡古龙九瀑,清远市清新区三坑滩(近旧107国道),4A,0.0,108,154
龙凤山庄影视旅游区,东莞市凤岗镇嘉辉路,4A,0.0,48.8,198
宝晶宫生态旅游度假区,清远市英德市区南郊7公里的燕子岩山,4A,0.0,76,128
深圳光明农场农科大观园,深圳市宝安区光明新区碧水路农场大观园,4A,3.6,60,120
那琴半岛地质海洋公园,江门台山市北陡镇那琴半岛海景1街2号,4A,0.0,93,84
连州地下河,清远市连州市东陂镇大洞村,5A,3.8,105,58
南昆山云顶温泉,惠州市龙门县永汉镇马星村增龙路云顶温泉,4A,0.0,95,90
聚龙湾天然温泉度假村,清远市佛冈县汤塘镇106国道旁,4A,3.6,85,58
南海湾森林生态园,佛山南海区西樵镇西岸五一七县道南段尽头,4A,0.0,22.5,112
佛山梦里水乡百花园,佛山市南海区里水镇广和大桥南侧梦里水乡百花园,4A,0.0,45,16
南海影视城,佛山市南海区松岗影视城大道,4A,3.6,89.99,80
南社明清古建筑群,东莞市茶山镇,4A,0.0,27,72
广东天露山旅游度假区,云浮市新兴县里洞镇洛洞村,4A,0.0,44.7,148
开平碉楼文化旅游区,江门市开平市塘口立园旅游区,5A,4.9,50,64
清晖园,佛山市顺德区大良清晖路23号,4A,5.0,4.6,76
新会古兜温泉旅游度假村,江门市新会区崖门镇古兜温泉度假区,4A,3.9,68,70
中山纪念堂,广州市越秀区东风中路299号,4A,3.9,8.9,34
南澳岛,汕头市南澳县汕头南澳岛旅游区,4A,5.0,5.5,22
雁南飞茶田景区,梅州市梅县区雁洋镇长教村,5A,4.3,68.9,80
客天下,梅州市梅江区三角镇客天下旅游产业园,4A,0.0,30,52
詹园,中山市南区北台村105国道旁,4A,3.8,50,106
五矿哈施塔特·奥地利小镇,惠州市博罗县体育大道东五矿小镇,4A,0.0,9,66
海门莲花峰,汕头市潮阳区海门镇莲花峰风景区,4A,3.6,67.9,10
星湖旅游景区,肇庆市北郊4公里处,5A,5.0,19,38
千年瑶寨,清远市连南县三排镇南岗村,4A,0.0,100.1,58
茂名森林公园,茂名市茂南区公馆镇125乡道附近,4A,3.6,23,184
四会奇石河,肇庆市四会威整镇红星村奇石河景区,4A,3.5,48.2,74
陈家祠,广州市荔湾区中山七路恩龙里34号,4A,4.0,0.1,20
浪漫海岸度假区,茂名市博贺镇尖岗管理区,4A,0.0,72,42
河源巴伐利亚庄园,河源市源城区高埔岗街道万洞旅游区,4A,0.0,95,34
南沙天后宫,广州市南沙区大角山东南麓,4A,0.0,18,84
乳源广东大峡谷,韶关市乳源县西南68公里的大布镇,4A,3.8,54.8,46
黄满寨瀑布,揭阳市揭西县京溪园镇粗坑村,4A,0.0,85,42
熙和湾客乡文化旅游度假区,梅州市兴宁市永和镇长安熙和湾客乡文化旅游产业园,4A,0.0,48,106
锦江温泉,江门市恩平市大田镇,4A,3.5,75,16
阳西咸水矿温泉,阳江市阳西县东湖生态开发区,4A,0.0,59.7,20
放鸡岛生态旅游国际度假区,茂名市电白县博贺镇翠湖路,4A,4.2,165,78
南昆山温泉大观园,惠州市龙门县永汉镇油田村,4A,3.8,104,36
高州仙人洞风景区,茂名市高州市深镇镇仙人洞村,4A,3.6,128,36
御水古温泉,茂名市电白县麻岗镇热水村,4A,0.0,166,12
圆玄道观,广州市花都区新华街迎宾大道西38号(花都区九潭),4A,3.5,15,54
河源客天下国际旅游度假区,河源市源城区高埔岗客天下大道1号,4A,3.6,95,54
湖光岩,湛江市麻章区湖光镇,4A,5.0,39,42
东莞可园,东莞市莞城区可园路32号,4A,4.1,3,80
惠州海滨温泉,惠州市惠东县平海镇鹧鸪洞,4A,3.7,86.5,54
春湾风景区,阳春市春湾镇东郊春湾风景区,4A,3.8,35,20
湟川三峡,清远市连州市九陂镇龙潭管理区连江河段,4A,3.6,44,8
叶园温泉度假酒店,河源市东源县黄田镇,4A,0.0,86,40
川山群岛旅游度假区,江门市台山市川岛镇上川岛、下川岛旅游度假区,4A,0.0,159,112
石头记矿物园,广州市花都区珠宝城大观园路1号,4A,0.0,54.4,18
正佳广场商贸旅游区,广州市天河路228号正佳购物广场,4A,0.0,78,62
玄真古洞漂流,清远市清新区玄真路尾玄真漂流景区,4A,3.9,104,82
万绿湖,河源市新港镇港中路17号万绿湖旅游码头,4A,5.0,175,38
玄武山,汕尾市陆丰市碣石镇玄武山,4A,5.0,8,42
涠洲岛,北海市海城区涠洲镇,5A,4.6,98,1808
青秀山旅游区,南宁市青秀区青山路19号,5A,4.1,18,464
银子岩景区,桂林市荔浦县马岭镇马岭镇沿321国道向北10公里(十里画廊景区)银子岩景区,4A,3.9,22,242
漓江风景区,桂林市灵川县（起于磨盘山客运港（竹江客运港），止于龙头山码头（水东门码头））,5A,5.0,75,82
德天跨国瀑布,广西壮族自治区崇左市大新县硕龙镇,5A,5.0,110,120
桂林两江四湖景区,桂林市象山区两江四湖景区文昌桥码头、象山渔人码头、日月湾码头、知音台码头,5A,3.5,169.7,82
南宁动物园,南宁市西乡塘区大学西路3号,4A,3.9,50,116
七星景区,桂林市七星区七星路1号,4A,3.8,45.9,84
象山公园,广西壮族自治区桂林市秀峰区滨江路1号,4A,0.0,47,10
龙脊梯田,桂林市龙胜各族自治县和平乡平安村,4A,3.9,40,124
北海海底世界,北海市海城区茶亭路27号北海海滨公园内（北海南珠宫对面，普度震宫附近，距离北海香格里拉大饭店大约300米）。,4A,3.8,148,90
独秀峰王城景区,桂林市秀峰区王城路一号,5A,3.6,89,44
嘉和城温泉谷,南宁市兴宁区昆仑大道995号,4A,3.6,98,12
南宁园博园,广西壮族自治区南宁市邕宁区蒲兴大道20号,4A,0.0,40,72
黄姚古镇,贺州市昭平县黄姚镇,4A,5.0,65,126
姑婆山,贺州市平桂区姑婆山自然保护区,4A,3.9,58.2,102
芦笛岩,桂林市芦笛路1号,4A,3.8,45,36
九曲湾温泉度假村,南宁市兴宁区三塘镇温泉路9号,4A,0.0,146,40
阳朔世外桃源景区,桂林市阳朔县白沙镇五里店桂阳公路世外桃源景区,4A,3.5,53,46
柳州卡乐星球,广西壮族自治区柳州市翠岭路9号,4A,0.0,169,20
叠彩山,桂林市龙珠路2号,5A,3.8,17.9,26
龙门水都,南宁市西乡塘区振兴路那秧坡附近,4A,0.0,40,64
凤岭儿童乐园,南宁市青秀区月湾路1号,4A,0.0,95,18
南宁花花大世界,南宁市武鸣县双桥镇伊岭工业区C—3,4A,0.0,33.9,50
北海海洋之窗,北海市四川南路中段,4A,3.9,148,12
石门仙湖景区,柳州市融安县大良镇石门村仙湖景区,4A,0.0,63,20
通灵大峡谷,百色市靖西县湖润镇新灵村,4A,5.0,96.7,20
龙胜温泉旅游度假区,桂林市龙胜各族自治县龙胜温泉度假中心,4A,3.5,50,8
伊岭岩,南宁市武鸣县双桥镇伊岭村,4A,3.7,48,32
邕江夜游,广西壮族自治区南宁市西乡塘区民生旅游码头,4A,0.0,69,44
桂平西山,贵港市桂平市西山路3号,4A,5.0,70,54
南宁隆安龙虎山风景区,南宁市西北面83公里处隆安县境内,4A,3.8,55,34
大容山,玉林北流市大容山林场内,4A,5.0,58,20
南宁大明山,南宁市武鸣区两江镇明山路1号,4A,4.1,125,12
冠岩地下河景区,桂林市雁山区草坪回族自治乡桂林漓江冠岩景区,4A,3.5,19.9,18
龙潭国家森林公园,贵港市桂平市中山路114号,4A,3.6,53,10
巴马水晶宫,河池市巴马瑶族自治县那社乡大洛村牛洞屯(距县城约43公里),4A,3.6,113,10
玉石林,贺州市八步区黄田镇清面村,4A,3.6,44.8,80
平南雄森动物大世界,贵港市平南县349县道北100米,4A,0.0,79,166
北帝山旅游区,贵港市平南县大鹏镇景华村,4A,0.0,100,70
云天文化城,玉林市玉州区江滨路461号,4A,0.0,150,16
荔江湾,桂林市荔浦县青山镇大石古桥头,4A,3.5,37.9,8
铜石岭风景区,玉林市北流市民安镇丰村路,4A,3.6,99,8
都峤山生态旅游景区,玉林市容县石寨镇都峤山风景区,4A,0.0,76,10
洞天酒海,河池市南丹县民行北路,4A,0.0,90,36
圣堂山,来宾市金秀瑶族自治县长垌乡,4A,4.7,65,10
金秀圣堂湖生态旅游景区,来宾市金秀县长垌乡,4A,0.0,80,12
柳州博物馆,柳州市柳北区解放北路37号,4A,0.0,42,22
大龙湖,南宁市上林县西燕镇,4A,3.6,42,18
凤岭儿童公园,南宁市青秀区月湾路1号,4A,0.0,90,2
桂林乐满地主题乐园,广西桂林市兴安县志玲路乐满地景区,5A,3.5,59,4
古东瀑布,桂林市灵川县大圩镇漓江古东景区,4A,3.5,54.8,73
叠彩伏波景区,桂林市叠彩区龙珠路2号,5A,0.0,14.9,8
阳朔西街,桂林市阳朔县,4A,4.6,38,4
北海金海湾红树林,北海市银海区金海湾红树林生态休闲度假旅游区,4A,0.0,20,12
宾阳蔡氏书香古宅群景区,南宁市宾阳县古辣镇的蔡村,4A,0.0,20,84
冷杉恐龙欢乐世界,崇左市扶绥县岜盆乡祥宁路1号,4A,0.0,14,43
阳朔天籁蝴蝶泉,桂林市阳朔县321国道旁阳朔天籁·蝴蝶泉景区,4A,3.7,1.2,4
南宁融晟极地海洋世界,南宁市江南区沙井大道39号融晟天河海悦城C1栋,4A,0.0,8,94
桂林猫儿山,桂林市的北部于兴安县西北部,4A,3.6,135.4,2
明仕田园风景区,崇左市大新县城53公里的堪圩乡明仕村，距离南宁市180公里,4A,3.7,109,77
桂林尧山景区,桂林市七星区靖江路,4A,3.6,5,85
程阳八寨景区,柳州市三江侗族自治县古宜镇北20公里处平岩村,4A,3.5,15,4
水锦顺庄旅游景区,南宁市马山县古零镇乐平村水锦屯,4A,0.0,55,16
鳄鱼山景区,北海市海城区北部湾海域涠洲岛火山国家地质公园内,5A,0.0,139,75
北海银滩,北海市银海区北海银滩景区东门12号功能岛,4A,0.0,80,2
柳侯公园,广西壮族自治区柳州市城中区文惠路60号(博物馆对面),4A,3.7,7,47
北海园博园,北海市银海区南珠大道与银滩大道交汇处,4A,0.0,100,77
三娘湾,钦州市犀牛脚镇东面约5公里处海湾边,4A,5.0,100,65
良凤江国家森林公园,南宁市友谊路78号,4A,0.0,14.7,2
双龙沟,柳州市融水苗族自治县古选村,4A,0.0,123,2
大碧头国际旅游度假区,桂林市全州县庙头镇李家村委,4A,0.0,36,36
柳州克里湾水乐园,柳州市柳东新区九子岭大道36号,4A,0.0,113,2
靖西鹅泉风景区,百色靖西市新靖镇鹅泉村,4A,3.5,37.89,55
灵渠,桂林市兴安县双灵路,4A,3.6,38.9,44
左江斜塔,崇左市江州区熬头峰上,4A,3.5,48,63
三千漓山水人文度假区,桂林市阳朔县兴坪镇凤凰路1号,4A,0.0,38,73
图腾古道,桂林市阳朔县阳朔镇十里画廊凤鸣三队图腾古道景区,4A,3.7,274.9,96
象州古象温泉度假村,来宾市象州县城郊花池村,4A,0.0,138,54
大石围天坑,百色市乐业县与河池市凤山县境内,4A,4.3,30,35
大王岭原始生态旅游景区,百色市右江区大楞乡龙和村,4A,3.8,65,97
桂林丹霞八角寨景区,桂林市资源县梅溪乡大坨村,4A,0.0,70,2
鹿寨香桥国家地质公园,柳州市鹿寨县中渡镇大兆村,4A,3.5,39.4,4
柳州三江县丹洲古镇景区,柳州市三江县丹洲镇丹洲村,4A,0.0,17.5,6
刘三姐大观园,桂林市秀峰区桃花江路1号,4A,3.5,46.5,4
巴马洞天福地景区,河池市巴马瑶族自治县甲篆乡仁乡村烟桐屯,4A,0.0,8,72
十万大山温泉,防城港市上思县布透果场东南160米,4A,0.0,54,62
三江县仙人山景区,柳州市三江侗族自治县八江乡布央村仙人山茶场,4A,0.0,58,51
漓江逍遥湖景区,桂林市灵川县大圩镇上茯荔村,4A,0.0,28.6,34
古龙山大峡谷,广西省靖西市湖润镇新灵村古龙山大峡谷景区,4A,4.3,95,89
百里柳江旅游景区,柳州市鱼峰区，流经城中区、柳南区等地,4A,0.0,30,10
南宁人民公园,南宁市兴宁区新民路44号,4A,3.5,40,58
柳州文庙,柳州市鱼峰区夫子路文庙景区,4A,0.0,1.2,2
八桂田园景区,南宁市西乡塘区相思湖东路19号,4A,3.9,5,48
东漓古村,桂林市灵川县大圩镇潮田河畔,4A,0.0,37.5,77
五彩田园农业嘉年华,玉林市玉州区茂林镇鹿塘社区,4A,0.0,26.8,46
八寨沟,钦州市钦北区贵台镇垌利村,4A,3.7,45,97
广西药用植物园,南宁市兴宁区长堽路189号,4A,4.0,19.6,10
龙宫仙境旅游区,崇左市大新县那岭乡那岭村,4A,3.6,95,6
贺州十八水,贺州市平桂区黄田镇路花村境内,4A,0.0,50,57
中旅宁明花山岩画景区,崇左市宁明县X570县道,4A,0.0,75,54
南山文化旅游区,三亚市崖州区崖城镇南山景区,5A,3.8,108,2387
三亚蜈支洲岛旅游区,海南三亚市海棠湾区林旺镇后海蜈支洲岛基地,5A,4.3,132,1656
西岛,三亚天涯区肖旗港西岛海洋文化旅游区,4A,3.9,80,1666
亚龙湾热带天堂森林公园,三亚市亚龙湾区湾路665号亚龙湾国家旅游度假区,4A,4.0,130,714
海南热带野生动植物园,海口市秀英区东山镇（海榆中线27公里处）,4A,3.6,138.8,700
天涯海角,三亚市沿海滨西行26公里马岭山下天涯海角景区,4A,4.5,50,518
分界洲岛旅游区,海南省陵水黎族自治县海南环岛东线高速牛岭出口处,5A,5.0,95,402
鹿回头风景区,三亚市大东海鹿岭路鹿回头公园,4A,4.0,33,414
分界洲岛,海南省陵水黎族自治县海南环岛东线高速牛岭出口处,5A,0.0,95.4,240
大小洞天,三亚市崖州区崖城南山大小洞天旅游区,5A,3.9,67,276
海南文笔峰盘古文化旅游区,定安县龙湖镇丁湖路,4A,0.0,36,468
槟榔谷黎苗文化区,保亭黎族苗族自治县三道镇甘什岭槟榔谷,5A,3.6,35,188
海南百花岭热带雨林文化旅游区,琼中黎族苗族自治县营根镇东南7公里处,4A,0.0,59.2,422
呀诺达雨林文化旅游区,保亭县保城镇三道镇三道农场（G224国道旁）,5A,0.0,124,168
火山口国家地质公园,海口市秀英区石山镇火山群世界地质公园,4A,0.0,40,262
槟榔谷黎苗文化区,保亭黎族苗族自治县三道镇甘什岭槟榔谷,5A,0.0,22.4,278
呀诺达雨林文化旅游区,保亭县保城镇三道镇三道农场（G224国道旁）,5A,0.0,90,126
水稻国家公园,三亚市海棠湾林旺镇湾坡路水稻国家公园,4A,0.0,38,108
兴隆热带植物园,万宁市兴隆镇南部223国道,4A,0.0,40,72
七仙岭温泉国家森林公园,保亭黎族苗族自治县七仙岭温泉旅游区1号七仙岭温泉国家森林公园,4A,0.0,37.9,102
雷琼海口火山群世界地质公园,海口市秀英区石山镇火山群世界地质公园,4A,3.6,40,66
博鳌亚洲论坛永久会址,琼海市博鳌镇远洋大道1号东屿岛,4A,0.0,124,42
石花水洞,儋州市雅星镇八一总场英岛山,4A,4.0,52,18
海垦莲花山文化旅游景区,儋州市兰洋镇蓝洋温泉莲花山国家级森林公园中的配套功能区内,4A,0.0,36,60
大东海,三亚市田独镇大东海旅游区,4A,4.5,50,34
东山岭文化旅游区,万宁市万城镇以东2公里处,4A,4.0,36,32
海南省博物馆,海南省海口市琼山区国兴大道68号,4A,0.0,8,37
重庆长江索道,重庆市渝中区新华路151号,4A,0.0,20,298
重庆动物园,重庆市九龙坡区杨家坪西郊一村一号,4A,3.5,24.5,1060
重庆欢乐谷,重庆市渝北区金渝大道29号,4A,0.0,195,1442
湖广会馆,重庆市渝中区长滨路芭蕉园1号,4A,3.6,25,44
洪崖洞,重庆市渝中区滨江路88号（嘉陵江畔）,4A,4.2,9.9,44
安居古城,重庆市铜梁区安居镇,4A,0.0,15,1226
武隆天生三桥风景区,重庆市武隆区仙女山镇游客接待中心,5A,3.6,125,116
龙水峡地缝,武隆县仙女山镇龙水峡地缝景区,4A,3.5,105,94
武隆天坑地缝国家地质公园,重庆市武隆县仙女镇境内,5A,0.0,100,30
乌江画廊,重庆市彭水苗族土家族自治县S304(猴子山隧道),4A,0.0,135,40
重庆汉海海洋公园,重庆市巴南区嘉龙路133号,4A,0.0,138,636
重庆科技馆,重庆市江北区江北城文星门街7号,4A,0.0,4.3,86
乐和乐都主题公园,重庆市永川区卫星湖街道凤龙路999号,4A,0.0,190,306
抗战遗址博物馆,重庆市南岸区黄山风景区,4A,3.5,17,20
大足石刻,重庆市大足区宝顶镇大足石刻风景区,5A,3.9,31,46
816工程,重庆市涪陵区白涛镇816工程景区,4A,0.0,54.8,224
白马山天尺情缘景区,重庆市武隆区白马镇,4A,0.0,60,8
三峡之巅,重庆市奉节县三峡之巅,4A,0.0,18.9,286
中国三峡博物馆,重庆市渝中区人民路236号,4A,3.5,1,16
白帝城,奉节县夔门街道办事处瞿塘峡社区白帝城景区,4A,3.9,89.8,162
长嘉汇弹子石老街,重庆市南岸区泰昌路68号,4A,0.0,15,82
武隆仙女山国家森林公园,重庆市武隆县仙女山国家森林公园,5A,4.1,50,220
重庆市人民大礼堂,重庆市渝中区人民路173号,4A,3.6,35,97
芙蓉江,重庆市武隆县,4A,3.6,100,8
融汇温泉,重庆市沙坪坝区汇泉路6号梨树湾融汇温泉城(近三峡广场),4A,0.0,159,120
重庆海昌加勒比海水世界,南岸区崇文路35号,4A,3.6,115,66
丰都鬼城,重庆市丰都县名山镇名山路152号,4A,3.7,85,76
南山植物园,重庆市南岸区南山植物园路101号,4A,3.5,11,154
芙蓉洞,重庆市武隆县芙蓉洞景区,5A,3.8,100,8
武陵山大裂谷,重庆市涪陵区武陵乡,4A,0.0,135,92
重庆建川博物馆聚落,重庆市九龙坡区谢家湾街道付家沟1号,4A,0.0,45,42
磁器口古镇,重庆市沙坪坝区磁器口古镇,4A,4.0,35,8
绿色星球动物主题公园,重庆市江北区江北城北大街24号,3A,0.0,120,192
万州大瀑布群景区,重庆市万州区甘宁镇甘宁河段,4A,0.0,88,94
小寨天坑风景区,重庆市奉节县小寨村,4A,3.8,20,4
四面山,重庆市江津区四面山镇,5A,3.6,45,138
重庆人民广场,重庆渝中区人民路173号人民大礼堂前,4A,0.0,20,51
酉阳桃花源,重庆市酉阳土家族苗族自治县境内县桃花源路232号,5A,3.6,73,114
两江影视城,重庆市渝北区民生路,4A,0.0,39,28
阿依河,重庆市彭水县阿依河旅游风景区,5A,3.5,113,2
巫山小三峡,重庆市巫山县城巫峡镇宁江路,5A,3.7,113,36
龙缸地质公园,重庆市云阳县清水乡,5A,3.5,49.9,54
缙云山,重庆市北碚区北温泉镇缙云山麓,4A,3.7,1,18
黑山谷,重庆市万盛区黑山镇境内,5A,3.6,78,88
茶山竹海,重庆永川区茶山竹海街道办事处箕山林场,4A,3.6,2,26
金佛山,重庆市南川区,5A,3.6,5,134
瞿塘峡,奉节县白帝镇白帝村1社,4A,3.9,89.8,49
统景温泉,重庆市渝北区统景镇景泉路66号,4A,3.5,61.8,14
城市大峡谷景区,黔江区舟白街道峡江北路（重庆旅游职业学院对面）,4A,0.0,30,12
北温泉公园,重庆市北碚区212国道旁边,4A,3.6,258,4
蚩尤九黎城,重庆市彭水县南部蚩尤九黎城生态旅游城,4A,0.0,80,28
铜梁奇彩梦园,重庆市铜梁南城街道办事处黄门村12社（富家桥）,4A,0.0,9.9,152
龚滩古镇,重庆市酉阳县龚滩古镇207号,4A,3.6,15,24
东温泉镇,巴南区东泉正街107号附近,4A,3.5,68,8
金刀峡,重庆市北碚区金刀峡镇小塘村1号,4A,3.6,78,90
神女峰,重庆市巫山县滨江路9码头,4A,0.0,9,74
涞滩古镇,重庆市合川区东北28公里涞滩镇,4A,0.0,6,4
重庆白鹤梁水下博物馆,重庆市涪陵区滨江大道二段185号,4A,0.0,30,79
重庆潼南大佛寺,重庆市潼南县,4A,3.5,28,6
神龟峡,重庆市酉阳县苍岭镇大河口村,4A,0.0,84,10
龙门阵魔幻山,重庆市九龙坡区龙门阵国际旅游度假区内,4A,0.0,5,64
歌乐山,重庆市沙坪坝区歌乐山镇森林路,4A,3.7,6,59
中山古镇,重庆市江津区三合社区月亮坝街中山古镇,4A,3.7,5,76
钓鱼城,重庆市合川区钓鱼城大道中段,4A,3.6,38,12
成都欢乐谷,成都市金牛区西华大道16号,4A,3.7,100,2015
峨眉山,乐山市峨眉山市名山南路41号峨眉山（西南门）附近,5A,5.0,80,2193
青城山,都江堰市西南部青城山风景区,5A,4.8,80,1664
成都大熊猫繁育研究基地,成都市成华区外北熊猫大道1375号,4A,4.0,55,2232
都江堰,成都市都江堰市公园路,5A,5.0,80,1214
九寨沟,阿坝藏族羌族自治州九寨沟县漳扎镇九寨沟沟口301省道旁边,5A,5.0,185,1010
三星堆博物馆,四川广汉市西安路133号,4A,5.0,69.9,1004
四姑娘山,阿坝藏族羌族自治州小金县日隆乡境内,4A,3.7,30,802
成都海昌极地海洋公园,成都市天府新区华阳海洋路68号,4A,0.0,245,1144
稻城亚丁,甘孜藏族自治州稻城县,5A,5.0,266,476
成都杜甫草堂博物馆,成都市青羊区青华路37号,4A,4.3,50,344
俄么塘花海,阿坝藏族羌族自治州红原县壤口乡俄么塘,4A,0.0,29,70
蜀南竹海,宜宾长宁县蜀南竹海景区,4A,5.0,100,352
天府花溪谷,成都市大邑县金星乡和平村,4A,0.0,53,386
成都天台山,成都市邛崃市天台山镇马坪村,4A,3.6,55,686
金沙遗址博物馆,成都市青羊区金沙遗址路2号成都金沙遗址博物馆,4A,3.5,66,428
成都武侯祠,成都市武侯区武侯祠大街231号,4A,4.5,50,336
乐山大佛,乐山市市中区凌云路2435号,5A,4.1,80,238
黄龙景区,阿坝藏族羌族自治州松潘县平松路附近,5A,3.7,165,264
国色天乡·水上乐园,成都市温江区万春镇天乡路二段88号,4A,0.0,48,242
碧峰峡,雅安市下里乡碧峰镇碧峰峡风景区,5A,4.5,93.7,228
自贡恐龙博物馆,自贡市大安区燊海井路4段268号,4A,5.0,40,284
花舞人间,成都市新津县永商镇梨花大道一段555号,4A,0.0,68,192
毕棚沟,阿坝藏族羌族自治州理县朴头镇庄房村88号,4A,3.5,110,402
剑门关,广元市剑阁县河东街64号,5A,5.0,32,152
西岭雪山,成都市大邑县西岭镇西岭雪山风景区,4A,3.7,99,172
若尔盖花湖,阿坝藏族羌族自治州若尔盖县213国道附近,4A,0.0,105,136
阆中古城,南充市阆中市阆水中路33号,5A,5.0,15,32
海螺沟,甘孜藏族自治州东南部贡嘎山东坡,5A,4.5,160,128
泸定桥,甘孜藏族自治州泸定县泸桥镇泸定桥广场西100米,4A,3.9,10,268
佛爷洞,绵阳市江油市大康镇旧县村18组,4A,0.0,65,114
蔚然花海,成都市龙泉驿区同安街道花海路8号（东南正大门）,4A,0.0,67.3,60
墨石公园,甘孜州道孚八美镇中古村与卡玛村交界（离八美镇6公里处）,4A,0.0,60,186
华蓥山旅游区,广安市华蓥市红岩乡高顶村华蓥山旅游区,4A,5.0,81.9,140
康定情歌木格措风景区,甘孜藏族自治州康定市雅拉乡王母村,4A,0.0,189,106
刘氏庄园,成都市大邑县安仁镇金桂街15号,4A,3.5,37.9,76
建川博物馆聚落,成都市大邑县安仁镇迎宾路二段550建川博物馆,4A,3.5,8,34
九皇山,绵阳市北川羌族自治县桂溪乡,4A,3.8,163.5,78
窦圌山,绵阳市江油市武都镇,4A,4.2,49.9,72
中国死海,遂宁市大英县蓬莱镇胡家坝,4A,4.6,136.6,38
瓦屋山,眉山市洪雅县瓦屋山镇金花桥瓦屋山景区,4A,5.0,126,124
川南大草原,内江市市中区内荣路,4A,0.0,20,82
黑竹沟,乐山市峨边彝族自治县黑竹沟镇,4A,3.5,48,86
洛带古镇,成都市龙泉驿区洛带镇,4A,3.7,0.9,12
达古冰川,阿坝藏族羌族自治州黑水县境内,4A,3.5,310,84
丹景山旅游景区,成都市彭州市丹景山镇彭白路附近,4A,0.0,28,38
蒙顶山,雅安市名山区蒙顶山风景名胜区,4A,3.7,48,40
黄河九曲第一湾,阿坝藏族羌族自治州若尔盖县唐克乡以西9公里,4A,0.0,75,26
清溪谷花田酒地,泸州市纳溪区大渡口镇,4A,0.0,18,14
邓小平故里,广安市广安区协兴镇牌坊村中心大道,5A,4.2,10,6
花水湾温泉旅游度假区,成都市大邑县花水湾温泉区,4A,3.5,58,26
广元千佛崖,广元市利州区嘉陵江东岸千佛崖风景区,4A,0.0,49.5,48
叠溪松坪沟风景区,阿坝藏族羌族自治州茂县溪镇松坪沟乡境内,4A,3.5,35,14
螺髻山,凉山彝族自治州普格县螺髻山镇,4A,3.9,90,12
昭化古城,广元市元坝区昭化古城,4A,4.4,40,18
中国古羌城,阿坝藏族羌族自治州茂县中国古羌城,4A,0.0,28,50
百年好合爱情谷,绵阳市江油市大康镇,4A,0.0,44,20
成都国际非物质文化遗产博览园,成都市青羊区光华大道二段601号（近光耀路）,4A,0.0,34,34
龙苍沟叠翠溪景区,雅安市荥经县龙苍沟,4A,3.5,50,26
李白故居,绵阳市江油市青莲镇安梓路,4A,0.0,35.9,48
木雅圣地,甘孜州康定市折多山西侧318国道贡布卡二号桥,4A,0.0,138,28
凯地里拉温泉,宁南县城南郊的元宝山麓凯地里拉温泉山庄,4A,0.0,68,4
寻龙山,绵阳市北川羌族自治县安昌镇沙汀路,4A,3.8,59,72
绵阳科技馆,绵阳市游仙区一环路东段232号,4A,0.0,25.8,84
越王楼,绵阳市游仙区剑南路东段326号,4A,0.0,45,42
神仙池,阿坝藏族羌族自治州九寨沟县，岷山山脉南段,4A,3.5,50,22
唐家河,广元市青川县青溪镇,4A,0.0,50,20
巴山大峡谷,四川省达州市宣汉县廪君路,4A,0.0,108,24
格萨拉生态旅游区,攀枝花市盐边县格萨拉乡,4A,0.0,45,20
明月峡,广元市朝天区明月峡景区,4A,0.0,35,22
皇泽寺,广元市利州区皇泽路97号,4A,0.0,45,40
燊海井,自贡市大安区阮家坝山下,4A,0.0,25,26
中华侏罗纪探秘旅游区,遂宁市射洪县明星镇东南4公里处,4A,0.0,50,10
泸州老窖旅游区,四川省泸州市江阳区南城街道泸州老窖旅游景区,4A,0.0,35,22
荣县大佛,自贡市荣县旭阳镇大佛街大佛寺1号,4A,4.0,9.5,6
月亮湾,阿坝藏族羌族自治州红原县209省道,4A,0.0,63,16
安哈彝寨仙人洞,凉山州西昌市城南15公里的西溪,4A,0.0,40,8
西昌卫星发射基地,西昌市冕宁县泽远乡封家湾,3A,3.7,90,28
成都建川博物馆,成都市大邑县安仁镇迎宾路二段550建川博物馆,4A,0.0,55,108
青莲李白诗歌小镇,绵阳市江油市青莲镇安梓路,4A,5.0,36,20
彭祖山,眉山市彭山区江口镇江新路,4A,3.9,28,34
龙潭溶洞,攀枝花市米易县白马镇龙塘村,4A,4.5,50,16
王岗坪旅游景区,雅安市石棉县挖角乡新桥村,4A,0.0,180,24
黄果树瀑布,安顺市镇宁布依族苗族自治县,5A,5.0,60,2009
西江千户苗寨,黔东南苗族侗族自治州雷山县西江镇南贵村,4A,5.0,20,740
梵净山,铜仁市江口县太平乡黑湾河梵净山景区,5A,5.0,77.8,428
贵阳森林野生动物园,贵阳市修文县扎佐镇扎佐林场冷水沟分场内,4A,3.5,90,674
龙宫,安顺市西秀区龙宫镇龙宫风景名胜区,5A,3.6,99,200
青岩古镇,贵阳市花溪区青岩镇,5A,4.1,10,110
天河潭度假区,贵阳市花溪区石板镇贵安大道,4A,4.1,75,132
丹寨万达小镇,黔东南苗族侗族自治州丹寨县东湖附近,4A,0.0,60,10
中国天眼科普基地,黔南布依族苗族自治州平塘县航龙未来国际天文小镇天眼科普基地,4A,0.0,136,60
赤水丹霞地貌,遵义市赤水市大同镇382县道四洞沟景区,5A,3.7,80,14
马岭河峡谷,兴义市马岭河峡谷景区,4A,5.0,70,84
织金洞,毕节市织金县官寨乡织金洞景区,4A,5.0,88,80
黔灵公园,贵阳市云岩区枣山路187号,4A,4.6,0.3,32
南江大峡谷,贵阳市开阳县南江乡龙广村,4A,3.9,67,32
荔波樟江,贵州省黔南州荔波县城南部,5A,5.0,308,4
红果树风景区,遵义市绥阳县大路槽乡,4A,0.0,50,26
保利国际温泉,贵阳市乌当区顺海中路88号,4A,0.0,86.8,12
乌蒙大草原,六盘水市盘县北部,4A,0.0,29.9,6
贵州万象温泉,贵阳市乌当区新添大道北段268号,4A,0.0,95,12
剑河温泉城,黔东南苗族侗族自治州剑河县岑松镇温泉热水沟,4A,3.8,99,10
石阡古温泉水上乐园,铜仁市石阡县城南温泉,4A,0.0,90,4
梅花山旅游景区,六盘水市钟山区双戛乡,4A,0.0,19.9,4
花画小镇,羊昌北街与羊昌西街交叉口东南50米,4A,0.0,30,14
双门峡中国诗歌谷风景区,遵义市绥阳县风华镇连丰村,4A,0.0,55,20
格凸河穿洞风景名胜区,安顺市紫云县水塘镇,4A,3.5,100,16
云漫湖国际休闲旅游度假区,安顺市平坝区,4A,0.0,56,44
百里杜鹃,毕节市百里杜鹃风景区普底乡,5A,5.0,180,2
万峰林,黔西南州兴义市万峰林街道,4A,3.5,120,12
镇远,黔东南苗族侗族自治州镇远县兴隆街21号,5A,4.6,15,8
双龙镇巫山峡谷,黔南州龙里县双龙临空经济区中铁国际生态城云栖谷旁,4A,0.0,80,60
四洞沟风景区,遵义市赤水市大同镇境内,4A,3.6,75,4
丙安古镇,遵义市赤水市丙安乡,4A,4.0,7,4
胜境温泉,六盘水市盘县刘官镇,4A,0.0,78,2
施秉云台山,黔东南州施秉县云台山管理站,4A,4.3,39.8,59
云门囤,遵义市红花岗区三渡镇花桥村大岩门,4A,3.5,35,8
巫山峡谷旅游景区,黔南州龙里县双龙临空经济区中铁国际生态城云栖谷旁,4A,0.0,40,4
海龙屯,遵义市汇川区高坪镇海龙屯村双龙村民组境内的龙岩山上,4A,3.6,59,14
花溪公园,贵阳市花溪区花溪大道南段3108号,4A,4.3,5,4
下司古镇,黔东南苗族侗族自治州麻江县下司镇,4A,3.5,30,6
贵御温泉旅游区,贵阳市乌当区温泉路555号,4A,0.0,75,4
朱砂古镇（万山国家矿山公园）,铜仁市万山区万山镇土坪社区,4A,0.0,35,26
遵义会议会址,遵义市红花岗区遵义老城子尹路96号,4A,5.0,7,2
郎德苗寨,黔东南苗族侗族自治州雷山县郎德镇,4A,3.6,50,49
息烽集中营纪念馆,贵阳市息烽县永靖镇阳朗村（210国道旁）,4A,3.5,6,50
亚木沟,铜仁市江口县太平镇寨抱村,4A,0.0,65,12
大明边城,铜仁市大明边城景区（水晶阁下游）,4A,0.0,9,76
万峰湖,黔西南布依族苗族自治州兴义市马岭河峡谷景区内,4A,3.5,70,62
竹海国家森林公园,赤水市葫市镇境内,4A,3.7,20,50
油杉河,毕节市大方县曾家寨村附近,4A,0.0,30,43
苗王城,铜仁市松桃苗族自治县正大乡,4A,0.0,40,54
黔贵六广温泉,贵阳市修文县六广镇驿泉村阳明码头,4A,0.0,108,39
天龙屯堡,安顺市平坝区天龙镇旅游大道,4A,3.9,55,75
岜沙苗寨,黔东南苗族侗族自治州从江县丙妹镇,4A,3.9,59.8,4
贵州醇景区,黔西南布依族苗族自治州兴义市贵醇新路1号,4A,0.0,30,6
韭菜坪,毕节市赫章县韭菜坪景区中营服务区,4A,0.0,9,74
中国阳明文化园,贵阳市修文县阳明大道306号,4A,0.0,54.5,32
九洞天,毕节市大方、纳雍两县交界的六仲河上，五丫村,4A,3.7,40,4
玉舍国家森林公园,六盘水市水城县勺米乡范家寨村玉舍国家森林公园,4A,0.0,48,94
土城古镇,遵义市习水县土城镇380县道,4A,0.0,5,60
天下第一壶茶文化公园,遵义市湄潭县塔坪街火焰山,4A,0.0,49,72
瑶山古寨旅游区,黔南布依族苗族自治州荔波县瑶山乡,4A,0.0,20,38
十二背后∙清溪峡景区,遵义市绥阳县青杠塘镇清溪湖景区,4A,0.0,115,71
汇善谷养生温泉,遵义市绥阳县温泉镇191号,3A,0.0,138,31
杉木湖,黔南布依族苗族自治州都匀市都匀经济开发区黔南大道杉木寨,4A,0.0,100,4
夜郎洞,安顺市镇宁县黄果树风景区上游扁担山夜郎洞景区,4A,3.5,80,64
思南石林旅游区,铜仁市铜仁地区思南县,4A,0.0,35.3,58
双乳峰景区,黔西南布依族苗族自治州贞丰县者相镇双玉峰景区（原双乳峰景区）,4A,0.0,50,68
云谷田园,黔东南苗族侗族自治州凯里市舟溪镇新光村,4A,0.0,20,4
高荡千年布依古寨文化旅游景区,安顺市镇宁布依族苗族自治县高荡村,4A,0.0,25,49
龙里油画大草原,黔南州龙里县004乡道东50米,4A,0.0,39.9,8
正安桃花源记景区,遵义市正安县市坪乡龙坪村,4A,0.0,20,82
杉木河,贵州省施秉县西北部,4A,0.0,195,91
中国科学院西双版纳热带植物园,西双版纳州勐腊县勐仑镇中国科学院西双版纳热带植物园景区,5A,4.2,75,712
景洪曼听公园,云南省西双版纳傣族自治州景洪市曼听路35号,4A,4.3,40,748
野象谷,景洪市勐养镇三岔河距景洪市36公里,4A,5.0,56,746
泸沽湖,宁蒗县泸沽湖镇,4A,4.6,42,642
西双版纳原始森林公园,西双版纳傣族自治州距景洪市郊8公里,4A,4.0,41,498
玉龙雪山,丽江市玉龙县丽江古城以北15公里处（玉龙雪山风景区）,5A,4.8,121,390
石林,云南省昆明市石林彝族自治县石林镇石林大道东侧,5A,3.9,0.7,236
鸡足山,大理州宾川县鸡足山,4A,3.5,54,490
崇圣寺三塔文化旅游区,大理市大理古城北郊崇圣寺三塔文化旅游区内,5A,4.3,45,286
普者黑,文山壮族苗族自治州丘北县305省道与206省道交叉口（近指北山）,5A,5.0,105.5,90
傣族园,西双版纳州景洪市勐罕镇傣族园（近锰腊镇）,4A,5.0,40,158
丽江古城,丽江市古城区大研古城,5A,5.0,32,58
云南野生动物园,昆明市盘龙区云南野生动物园,4A,0.0,100,176
云南民族村,昆明市西山区滇池路1310号,4A,3.9,0.3,104
腾冲热海旅游区,保山市腾冲市热海风景区,5A,3.9,50,68
东风韵,红河哈尼族彝族自治州弥勒市湖东公路,4A,0.0,60,122
昆明青龙峡,昆明市安宁市青龙街,4A,0.0,34.9,156
普达措国家公园,迪庆藏族自治州香格里拉市建塘镇普达措国家公园,5A,4.4,138,54
大理古城,大理市一塔路42号,4A,4.8,0.4,76
束河古镇,丽江市束河古镇茶马驿站C21-1（飞花触水旁）,4A,0.0,2.2,32
勐远仙境,西双版纳自治州勐腊县勐远,4A,3.5,98,36
九乡风景名胜区,昆明市宜良县九乡彝族回族乡境内,4A,3.6,30,98
西双版纳勐泐文化旅游区,西双版纳傣族自治州景洪市曼弄枫,4A,3.8,108,38
昆明西山龙门景区,昆明市西山区西郊15公里,4A,3.7,75,36
大观公园,昆明市西山区大观路284号,4A,0.0,10,60
望天树景区,西双版纳傣族自治州景洪市勐腊县,4A,4.1,120,60
香格里拉虎跳峡,迪庆州香格里拉县虎跳峡镇,4A,5.0,1.3,8
和顺古镇,保山市腾冲县和顺镇,4A,5.0,55,10
香格里拉大峡谷巴拉格宗,迪庆藏族自治州香格里拉市尼西乡巴拉社,4A,0.0,164.8,66
西双版纳热带花卉园,西双版纳傣族自治州景洪市宣慰大道99号,4A,3.9,37.8,64
朱家花园,红河哈尼族彝族自治州建水县翰林街16号(近书院街),4A,4.1,18,78
大理地热国,大理白族自治州大理市洱源县茈碧湖镇滨河路,4A,0.0,48.8,54
南诏风情岛,大理市双廊镇风情岛（近洱海东岸）,4A,3.8,45,36
腾冲北海湿地,腾冲县北海乡双海村北海湿地景区,4A,4.6,55,22
勐巴娜西珍奇园,德宏傣族景颇族自治州芒市仙池路9号,4A,3.8,35,40
蝴蝶泉,大理市大理周城北1公里处（苍山云弄峰下）,4A,4.0,36,20
世界恐龙谷旅游区,禄丰县川街世界恐龙谷风景区,4A,5.0,118,60
坝美景区,文山市壮族苗族自治州广南县,4A,0.0,180,10
可邑小镇,红河哈尼族彝族自治州弥勒县城22公里（西三镇可邑村）,4A,0.0,33,30
弥勒锦屏山风景区,红河州弥勒市西三镇锦屏山风景区,4A,0.0,24,66
建水燕子洞风景区,红河哈尼族彝族自治州建水县面甸镇泸江河峡谷,4A,4.0,50,54
普洱茶马古道旅游景区,普洱市北市区旅游环线东侧（腊梅坡大桥旁）,4A,5.0,103,10
元阳梯田,红河州元阳县新街镇箐口,4A,4.6,50,18
澄江禄充景区,玉溪市澄江县抚仙湖,4A,0.0,6,14
多依河,曲靖市罗平县鲁布革乡多河风景区,4A,5.0,39.9,4
仙佛洞旅游景区,德宏州芒市勐戛镇风吹坡,4A,0.0,63,12
孔雀谷森林公园,德宏州芒市南天门放马桥,4A,0.0,65,16
剑川石宝山,大理白族自治州剑川县县城西南25公里处,4A,3.5,41.5,8
中华普洱茶博览苑,普洱市思茅区倚象镇营盘山,4A,0.0,20,6
弥勒太平湖森林小镇,红河哈尼族彝族自治州弥勒市弥阳镇小太平村小组,4A,0.0,60,18
巍宝山,大理州巍山县巍宝山乡南诏镇巍宝山国家级风景名胜区内,4A,3.5,40,14
墨江北回归线标志园,普洱市墨江哈尼族自治县北回归线标志园,4A,3.5,20,28
天镜阁景区,云南省大理市海东镇天镜阁,3A,0.0,28,8
师宗凤凰谷,曲靖市师宗县,4A,0.0,50,16
西双版纳融创乐园,西双版纳傣族自治州景洪市万景大道13号,4A,0.0,60,40
昆明世界园艺博览园,昆明市盘龙区白龙路439号,5A,4.3,1.9,4
九龙瀑布群,曲靖市罗平县长底乡九龙瀑布群风景区,4A,4.8,59.9,4
昆明轿子山,昆明市禄劝彝族苗族自治县转龙镇轿子山风景区,4A,3.5,30,48
勐景来,西双版纳州勐海县达洛镇勐景来,4A,3.6,86,95
梅里雪山,迪庆藏族自治州徳钦县梅里雪山景区,4A,4.3,1.6,2
大理苍山石门关景区,大理白族自治州漾濞县苍山西镇石门关景区,4A,3.5,20,4
观音峡,丽江市东南17公里处七河乡,4A,3.5,210,10
映月潭温泉,玉溪市红塔区大营街,4A,3.8,78,6
建水文庙,红河哈尼族彝族自治州建水县临安路,4A,5.0,20,14
黑龙潭,丽江市古城区民主路1号,4A,4.1,6,4
昆明金殿风景名胜区,昆明市盘龙区穿金路,4A,0.0,6,2
汇龙温泉文化庄园,玉溪市红塔区大营街汇龙生态园,4A,3.7,108,48
大益庄园,西双版纳勐海县勐泐大道46号,4A,0.0,36.9,57
布达拉宫,拉萨市城关区北京中路35号,5A,5.0,26,1522
大昭寺,拉萨市城关区八廓街,5A,4.6,0.9,394
巴松措,林芝市工布江达县,5A,3.8,165,106
雅鲁藏布大峡谷,林芝地区米林县派镇,5A,0.0,240,42
鲁朗风景区,西藏省林芝地区林芝县,4A,0.0,259,4
罗布林卡,拉萨市城关区罗堆东路,4A,3.8,359,10
哲蚌寺,拉萨市城关区北京西路276号(西郊根培乌孜山下)),4A,3.9,767,2
鲁朗林海,林芝市巴宜区鲁朗镇318国道鲁朗景区,4A,0.0,259,60
卡定沟,林芝市巴宜区八一镇卡定沟（拉萨至林芝段距八一镇24公里处）,4A,0.0,288,31
尼洋阁藏东南文化博览园,林芝市巴宜区八一镇娘乳岗,4A,0.0,32,44
扎什伦布寺,日喀则市几吉郎卡路1号,5A,4.5,10,48
阿里神山圣湖旅游区,阿里地区普兰县霍尔、巴嘎两乡境内,4A,0.0,48,2
米堆冰川,林芝市波密县玉普乡米堆村,4A,0.0,6,88
南伊沟,林芝地区米林县南伊沟风景区,4A,0.0,6,54
桑耶寺,西藏山南扎囊县桑耶镇,4A,4.6,6,44
强巴林寺,西藏昌都市昌都县,3A,4.0,6,89
托林寺,西藏自治区札达县象泉河畔,3A,3.9,6,80
娘热民俗风情园,西藏拉萨市城关区北郊娘热沟,3A,3.5,5,82
世界柏树王园林,林芝市巴宜区八一镇东南方向,4A,0.0,38,85
秦始皇帝陵博物院（兵马俑）,陕西省西安市临潼区秦陵北路与秦俑馆公路交叉口,5A,4.4,120,2046
华山景区,渭南市华阴市玉泉路南段,5A,5.0,29.9,1988
华清宫,西安市临潼区骊山北华清路38号,5A,4.5,40,686
陕西历史博物馆,西安市雁塔区小寨东路91号（大雁塔西北侧）,4A,4.6,43,524
西安城墙,西安市碑林区南大街2号（此为永宁门地址，西安城墙位于西安市中心，有城门多座，地址不同）,5A,4.1,53,486
秦岭野生动物园,西安市长安区滦镇,4A,3.5,100,604
曲江海洋极地公园,西安市雁塔区曲江二路1号（近大唐芙蓉园东门）,4A,3.5,39.9,446
太平国家森林公园,西安市鄠邑区太平峪内（太平国家森林公园）,4A,3.5,58,368
瀛湖,安康市瀛湖镇瀛湖码头,4A,4.1,64,676
秦岭峡谷乐园,陕西省安康宁陕县广货街镇,3A,3.6,118,14
乐华恒业欢乐世界,西安市西咸新区泾河新城沣泾大道东段1号 （乐华城）,4A,0.0,218,356
壶口瀑布,延安市宜川县壶口乡,4A,5.0,82,302
汉中龙头山国际旅游度假区,汉中市南郑区小南海镇境内,4A,0.0,70,384
翠华山,西安市长安区太乙宫镇翠华山,4A,3.5,90,428
西安碑林博物馆,西安市文昌门内三学街15号,5A,4.0,65,82
关山草原,宝鸡市陇县关山店子村,4A,3.6,55,320
黄帝陵,延安市黄陵县东关庙前区179号,5A,5.0,70.9,166
陕西自然博物馆,西安市雁塔区长安南路88号,4A,0.0,30,138
法门寺,宝鸡市扶风县城北约10公里的法门镇，距西安约120公里,5A,5.0,96,140
郑国渠,咸阳市泾阳县王桥镇西北部,4A,0.0,95,230
九龙山景区,宝鸡市陈仓区坪头镇,4A,0.0,79,202
大慈恩寺（大雁塔）,陕西省西安市雁塔区慈恩路1号,5A,3.6,128,70
金丝峡景区,商洛市商南县太吉河镇金丝峡景区,5A,4.0,95,122
大明宫国家遗址公园,西安市未央区太华南路,5A,3.6,30,86
大唐芙蓉园,西安市曲江新区芙蓉西路99号,5A,4.3,318,52
朱雀国家森林公园,西安市户县涝峪八里坪,4A,3.5,43.9,60
金龙峡,西安市鄠邑区秦岭北麓将军山西侧,4A,0.0,48,42
乾陵,咸阳市乾县城北6公里梁山上,4A,5.0,88,108
白鹿原·白鹿仓,西安市灞桥区狄寨北路往蓝天方向101县道北100米,4A,0.0,9.5,148
牛背梁国家森林公园,商洛市柞水县营盘镇朱家湾村,4A,3.5,102,76
柞水溶洞,陕西省商洛市柞水县城南石瓮镇,4A,3.9,138,44
西安广仁寺,西安市莲湖区西北一路152号,3A,0.0,3,84
少华山国家森林公园,华县城东南5公里处的秦岭北麓,4A,3.5,55,58
兴汉胜境,汉中市汉台区诸汉路中段,4A,0.0,44,144
太白山国家森林公园,陕西省宝鸡市眉县汤峪镇中心大道与迎宾大道交叉口,5A,3.9,105,42
青木川古镇,汉中市宁强县大青路附近,4A,0.0,54,10
大水川,宝鸡市陈仓区香泉镇南峪村大水川,4A,0.0,49,120
张裕瑞那城堡酒庄,咸阳市渭城区渭城镇坡刘村向东100米。,4A,0.0,96,42
石门栈道风景区,汉中市汉台区河东店镇,4A,0.0,40,38
佛坪熊猫谷,汉中市佛坪县城北20公里处108国道旁,4A,0.0,45,98
西安大唐西市博物馆,西安市莲湖区劳动南路118号,4A,0.0,25,10
紫柏山国家森林公园,汉中市留坝县留侯镇石板店,4A,4.5,92,62
红碱淖风景区,榆林市神木市尔林兔镇,4A,3.9,26.4,68
白鹿原影视城,西安市蓝田县前卫镇s107（关中环线）将军岭隧道西1公里处,4A,0.0,57,36
西安关中民俗艺术博物院,西安市长安区五台古镇南五台山路1号,4A,0.0,99,32
西安博物院,西安市碑林区友谊西路72号,4A,0.0,10,12
秦岭峡谷漂流,安康市宁陕县广货街镇（西汉高速至朱雀出口下行20公里处）,3A,0.0,118,12
汉中黎坪景区,汉中市南郑区黎坪镇,4A,3.9,108,40
茂陵博物馆,咸阳市兴平市茂陵博物馆,4A,3.6,68,32
青峰峡森林公园,宝鸡市太白县桃川镇杜家庄村青峰峡森林公园,4A,0.0,35,12
塔云山,商洛市镇安县柴坪镇,4A,0.0,90,28
党家村,渭南市韩城市东北西庄镇,4A,3.5,44.8,40
汉中武侯祠,汉中市勉县武侯镇一零八国道边,4A,5.0,28,12
中华郡国际旅游度假区,渭南市富平县富阎友谊路东100米,4A,0.0,42,34
溪山胜境风景区,铜川市耀州区照金镇秀房沟,4A,0.0,48,54
玉华宫风景名胜区,铜川市印台区西北郊玉华镇玉华村,4A,5.0,49,14
张良庙,汉中留坝县城17公里处的庙台子街上,4A,4.6,25,48
木王国家森林公园,商洛市镇安县杨泗镇桂林村七组,4A,0.0,68,8
汉江源景区,汉中市宁强县汉源街道办事处二道河村6组向东南方向300米,4A,0.0,44.9,30
云集生态园度假山庄,咸阳市永寿甘井镇,4A,0.0,50,4
秦岭商洛江山景区,商洛市商州区腰市镇沪陕高速腰市出口北行9公里,4A,0.0,60,14
宝鸡红河谷,宝鸡市眉县营头镇,4A,3.6,6,58
西安半坡博物馆,西安市半坡路155号,4A,3.5,55,33
天蓬山寨,商洛市山阳县杨地镇韦家垭村向南2公里的银台山梁上,4A,0.0,65,2
双龙溶洞景区,安康市双龙镇双龙生态旅游区,4A,3.5,65,4
汉阳陵国家考古遗址公园,西安市咸阳国际机场专用公路东段,4A,0.0,65,8
袁家村,咸阳市礼泉县,4A,0.0,40,4
陕西黄陵国家森林公园,延安市黄陵县店头镇腰坪乡,4A,0.0,94.5,10
华阳古镇,汉中市洋县华阳镇,4A,0.0,80,4
汉城湖,西安市未央区北二环与朱宏路西北角,4A,0.0,1,2
合阳洽川风景名胜区,渭南市合阳县洽川镇,4A,3.5,23.8,89
通天河国家森林公园,宝鸡市凤县通天河国家森林公园宝鸡办事处（大庆路15号）,4A,0.0,60,96
中坝大峡谷,安康市石泉县中坝乡,4A,0.0,55,28
山阳天竺山国家森林公园,商洛市山阳县环城路西段,4A,0.0,6,36
汉太史司马迁祠,陕西省韩城市南十公里芝川镇东南的山岗上,4A,3.5,71.5,10
南宫山,安康市岚皋县城关镇西三路,4A,3.8,84,6
雁山瀑布,安康市石泉县喜河镇境内的541国道旁,4A,0.0,45,94
西北农林科技大学博览园,咸阳市杨陵示范区邰城路3号,4A,0.0,50,8
白云山,榆林市佳县城南5公里处的黄河之滨，佳吴线附近,4A,4.0,58,2
五龙洞国家森林公园,汉中市略阳县五龙洞镇,4A,3.7,25,49
汉江燕翔洞生态旅游景区,安康市石泉县熨斗镇汉江燕翔洞生态旅游区,4A,0.0,6,89
鸣沙山月牙泉,酒泉市敦煌市南6公里,5A,4.3,110,172
张掖七彩丹霞旅游景区,张掖市临泽县倪家营乡南台村,5A,0.0,75,144
嘉峪关关城,嘉峪关市西6公里处,5A,4.2,108,102
敦煌阳关景区,酒泉市敦煌市阳关镇阳关景区,4A,3.7,50,112
西部恐龙水乐园室内温泉馆,兰州市新区凤凰山路1555号,4A,0.0,150,110
麦积山风景名胜区,天水市麦积区泉湖路2号,5A,5.0,40,28
崆峒山,平凉市崆峒古镇,5A,5.0,137,34
雅丹地质公园,酒泉市敦煌市西北约180公里处,4A,3.9,120,68
马蹄寺,张掖市肃南县大都麻乡,4A,3.8,66,70
松鸣岩,临夏州和政县城以南25公里处的太子山林区（松鸣镇）,4A,3.6,43,18
兴隆山自然保护区,兰州市榆中县兴隆山村91号,4A,3.6,40,52
冶力关,甘南藏族自治州临潭县冶力关镇冶力关国家森林公园,4A,3.6,69.8,72
平山湖大峡谷,张掖市甘州区平山湖乡政府,4A,0.0,119,16
拉卜楞寺,甘南藏族自治州夏河县拉卜楞镇人民西街,4A,5.0,0.7,22
官鹅沟国家森林公园,陇南市宕昌县城郊,4A,4.9,128.8,42
伏羲庙,天水市秦州区伏羲路110号,4A,4.5,20,38
焉支山,张掖市山丹县城东南45公里处的大黄山林区,4A,3.6,40,8
万象洞,陇南市武都区汉王镇杨庞村,4A,4.3,99.9,18
遮阳山,定西市大草滩乡境内,4A,4.8,39.5,20
武威市雷台汉文化博物馆,武威市凉州区雷台东路附近,4A,3.5,1,8
嘉峪关方特欢乐世界,嘉峪关市南市区方特大道4111号,4A,0.0,6,84
甘肃中华孔雀苑,嘉峪关市峪泉镇嘉黄公里南侧50米,4A,0.0,44.8,81
吐鲁沟国家森林公园,兰州市永登县连城兰州吐鲁沟国家森林公园,4A,3.6,1.8,4
文庙,甘肃省武威市凉州区崇文街43号,4A,5.0,1.1,60
锁阳城,酒泉市瓜州县桥子乡南坝村,4A,3.5,6,43
张掖大佛寺,张掖市甘州区民主西街大佛寺巷,4A,5.0,38,22
金塔沙漠胡杨林景区,酒泉市金塔县城以西约6公里,4A,0.0,30,2
黄河石林,白银市景泰县中泉乡龙湾村,4A,5.0,8,91
玉泉观,天水市秦州区成纪大道玉泉派出所北,4A,4.3,20,40
文县天池国家森林公园,陇南市文县天池乡,4A,5.0,9,58
冰沟河生态文化旅游景区,甘肃省武威市天祝藏族自治县祁连乡冰沟河,4A,0.0,115,36
水车博览园,兰州市城关区南滨河东路524号,4A,4.2,3,62
法台山,临夏回族自治州和政县松鸣岩镇松鸣岩风景区西700米,4A,0.0,30,64
龙泉寺,平凉市崇信县龙泉寺景区,4A,3.6,35,69
紫轩葡萄酒庄园,甘肃省嘉峪关市嘉东工业园区5396号,4A,0.0,45,68
张掖冰沟丹霞景区,张掖肃南裕固族自治县康乐乡,4A,0.0,56,84
神州荒漠野生动物园,武威市凉州区西大街西环路80号,4A,0.0,6,64
赤金峡,酒泉市玉门赤金峡水利风景区,4A,0.0,6,79
扁都口景区,张掖市民乐县227国道附近,4A,0.0,2880,59
扎尕那景区,甘南藏族自治州迭部县益哇乡,4A,3.6,5,81
云屏三峡风景区,陇南市两当县云屏乡515县道,4A,0.0,50,68
贵清山,定西市漳县新寺镇青瓦寺村,4A,3.5,49.5,93
裕固风情走廊景区,张掖市肃南裕固族自治县康乐乡,4A,0.0,70,64
青鹃山御汤宫温泉,平南镇孙集村140号,4A,0.0,76,4
什川梨园,兰州市皋兰县滨河路与中国农民第一桥交叉路口北侧,4A,3.5,1.3,50
南郭寺,天水市秦州区王家坪村南国路49号,4A,3.6,6,94
酒泉公园,酒泉市肃州区城东1.9公里处（肃州区公园路100号）,4A,3.5,2,31
仁寿山公园,兰州市安宁区安宁堡,4A,3.5,1,55
首阳山,定西市渭源县莲峰镇,4A,4.6,1.8,81
天梯山石窟,武威市凉州区张义镇灯山村,4A,3.9,30,2
兰山公园,兰州市区正南皋兰山上,3A,4.0,6,77
西狭颂摩崖,陇南市成县县城西侧约13公里处,4A,3.8,7,68
大云寺.王母宫,平凉市泾川县,4A,3.7,55,38
阳坝自然风景区,甘肃省陇南市康县阳坝镇阳坝自然风景区,4A,0.0,6,92
水帘洞,天水市武山县榆盘乡钟楼村,4A,3.6,458,56
大峪沟,甘肃省甘南藏族自治州卓尼县木耳镇大峪沟,4A,3.5,9,31
张掖丹霞口旅游度假小镇,张掖市临泽县倪家营乡南台村张掖丹霞国家地质公园旁,4A,0.0,55,74
酒泉天宝景区,酒泉市肃州区富康路4号酒泉富康购物中心4楼,4A,0.0,90,86
屋兰古镇,张掖市碱滩镇古城村屋兰古镇,4A,0.0,8,70
西宁新华联童梦乐园,西宁市湟中县多巴镇韦家庄村600-17号 新华联国际旅游城,4A,0.0,238,24
青藏高原野生动物园,西宁市城西区行知路9号,4A,0.0,6,6
茶卡天空壹号,海西蒙古族藏族自治州乌兰县茶卡盐湖东部,4A,0.0,30,8
塔尔寺,西宁市金塔路56号,5A,5.0,0.6,2
青海湖,海北藏族自治州刚察县109国道北侧,5A,0.0,89,91
日月山,西宁市湟源县西南40公里处,4A,4.6,50,60
青藏高原自然博物馆,西宁市城北区经二路21号,4A,0.0,54,96
老爷山,西宁市大通县桥头镇的北川河畔,4A,3.5,6,80
互助土族故土园,海东市互助县威远镇,5A,3.5,0.5,75
丹噶尔古城,西宁市湟源县城关镇明清老街,4A,3.5,6,43
贵德国家地质公园阿什贡七彩峰丛景区,海南藏族自治州贵德县尕让乡阿什贡村,4A,0.0,95,79
青海藏文化馆,西宁市湟中县迎宾路,4A,0.0,60,40
金银滩（原子城）旅游景区,海北藏族自治州海晏县金银滩草原,4A,3.5,18,44
龙羊峡生态旅游度假景区,海南藏族自治州共和县龙羊峡镇,4A,0.0,25,78
平安驿,海东市平安区袁家村平安驿,4A,0.0,35,61
阿咪东索景区,海北藏族自治州祁连县城东南9公里302省道旁,5A,0.0,85.2,86
宗家沟文化旅游景区,西宁市湟源县日月藏族乡大石头村166号,4A,0.0,37,63
可鲁克湖,青海省海西蒙古族藏族自治州德令哈市可鲁克湖,3A,3.6,1580,98
七里花海,海东市民和回族土族自治县古鄯镇山庄村,4A,0.0,28,78
镇北堡西部影城,银川市西夏区镇北堡110国道路东,5A,0.0,76,252
沙坡头,中卫市沙坡头景区,5A,5.0,60,110
贺兰山国家森林公园（苏峪口）,银川市市区西北贺兰山国家级自然保护区内,4A,3.7,74.9,122
西夏陵,银川市西夏区贺兰山东麓,4A,4.9,84.5,62
沙湖旅游区,石嘴山市平罗县下沙公路(前进农场境内),5A,5.0,197.5,20
水洞沟旅游区,银川市灵武市临河镇水洞沟景区（距银川市19公里，距银川河东机场11公里）,5A,4.1,59.9,30
黄沙古渡原生态旅游区,银川市兴庆区月牙湖,4A,3.6,196.9,80
六盘山国家森林公园,固原市泾源县河泾镇,4A,5.0,0.7,76
贺兰山岩画,银川市区贺兰县西北贺兰山国家级自然保护区内,4A,4.5,40,36
西夏风情园,银川市北京西路1496号西夏广场斜对面,4A,0.0,66,20
青铜峡黄河楼,吴忠市青铜峡市黄河路与滨河大道交叉处,4A,0.0,45,36
黄河军事文化博览园,银川市滨河新区s203省道往陶乐方向。（距临河收费站10公里处）,4A,0.0,49.5,14
火石寨国家地质公园,固原市西吉县城北15公里处,4A,3.9,45,20
腾格里湖湿地金沙岛,中卫市沙坡头区市辖区,4A,0.0,45,16
通湖草原,阿拉善盟阿拉善左旗腾格里沙漠腹地,4A,3.5,6,83
张裕摩塞尔十五世酒庄,银川市西夏区经济技术开发区六盘山路359号,4A,0.0,80,2
青铜峡黄河大峡谷旅游区,吴忠市青铜峡市青铜峡镇（距银川市区65公里）,4A,0.0,94.9,8
须弥山石窟旅游区,固原市三营镇黄铎堡街,4A,4.7,46.5,8
中卫寺口子风景旅游区,中卫市沙坡头区宣和镇南20公里处,4A,3.5,74.9,28
鸣翠湖国家湿地公园,银川市兴庆区掌政镇东侧,4A,3.6,20,99
平罗玉皇阁,石嘴山平罗县城北大街,3A,5.0,7,76
固原博物馆,固原市原州区西城路133号,4A,3.8,6,77
奇石山文化旅游区,石嘴山市大武口区环湖路附近,4A,0.0,60,55
六盘山红军长征景区,固原市隆德县六盘山红军长征纪念馆,4A,0.0,9,73
凤凰花溪谷,银川市兴庆区掌政镇洼路村,3A,0.0,10,75
哈巴湖生态旅游区,吴忠市盐池县王乐井乡,4A,0.0,50,68
阅海国家湿地公园,宁夏回族自治区银川金凤区镇苏路阅海国家湿地公园,3A,0.0,69,59
赛里木湖,新疆维吾尔自治区博尔塔拉蒙古自治州博乐市,5A,0.0,145,636
喀拉峻,伊犁哈萨克自治州特克斯县276乡道南,5A,0.0,150,146
天山天池,昌吉回族自治州阜康市,5A,5.0,155,240
喀纳斯景区,阿勒泰地区布尔津县境内北部，距县城150公里,5A,5.0,198,202
那拉提旅游风景区,伊犁哈萨克自治州新源县那拉提镇那拉提旅游风景区,5A,5.0,116,110
天山大峡谷,乌鲁木齐市乌鲁木齐县板房沟乡灯草沟村阑旅基地天山大峡谷游客服务中心,5A,0.0,109.5,84
夏塔景区,伊犁哈萨克自治州昭苏县夏塔柯尔克孜民族乡,4A,0.0,38,122
江布拉克草原,新疆维吾尔自治区昌吉回族自治州奇台县江布拉克景区,4A,0.0,43,148
可可托海,阿勒泰地区富蕴县可可托海镇以东5公里处,5A,3.6,116,82
博斯腾湖,巴音郭楞蒙古自治州博湖县,5A,3.9,15,28
乌尔禾魔鬼城,克拉玛依市乌尔禾区龙脊路200号,5A,5.0,61,52
霍城县解忧公主薫衣草园,清水河镇上海路218国道游客集散中心对面,4A,0.0,108,54
库木塔格沙漠景区,吐鲁番市鄯善县公园路999号,4A,0.0,30,42
火焰山景区,吐鲁番市高昌路51号,4A,4.2,20,32
葡萄沟,吐鲁番市东北10公里的火焰山中,5A,5.0,42,36
新疆五彩滩,阿勒泰地区布尔津县西北约24公里处,4A,3.5,45,42
库车天山神秘大峡谷,阿克苏地区库车县217国道1025号北侧，库车县城以北64公里的山区,4A,3.9,40,44
罗布人村寨,巴音郭楞库尔勒市巴音西路林业局53号,4A,3.6,49,6
香妃墓,喀什地区喀什市艾孜热特路,4A,5.0,118,42
温宿大峡谷,阿克苏市温宿县博孜敦柯尔克孜民族乡境内，近306县道,4A,0.0,34,56
坎儿井乐园,吐鲁番市亚尔村,4A,0.0,38,16
库车王府,阿克苏地区库车县老城林基路街库车王府,4A,3.5,53,22
金湖杨国家森林公园,喀什地区泽普县金湖杨国家森林公园,5A,0.0,38,14
独山子大峡谷,克拉玛依市独山子区250县道东100米,4A,0.0,29.9,48
归园田居·塔村,阿克苏地区温宿县天山托木尔平台子景区,4A,0.0,15,96
新疆博物馆,乌鲁木齐市沙依巴克区西北路581号,4A,3.7,126,38
新疆国际大巴扎,乌鲁木齐市天山区解放南路8号,4A,0.0,99,54
巴音布鲁克草原,巴音郭楞蒙古自治州和静县217国道,5A,3.8,289,60
喀什老城游览区,喀什地区喀什市亚瓦格路10号,5A,0.0,29,59
天山野生动物园,乌鲁木齐市达坂城区芨芨槽子向东5公里附近,4A,0.0,7,12
红山公园,乌鲁木齐市水磨沟区红山路北一巷40号,4A,4.0,7,60
杜氏旅游景区,昌吉市昌吉市区六工镇近郊北部,4A,3.5,25,58
坎儿井民俗园,吐鲁番市高昌区新城路新城西门村888号,4A,3.5,38,10
帕米尔旅游区,新疆喀什地区塔什库尔干塔吉克自治县中巴友谊路,5A,0.0,418,70
达瓦昆沙漠旅游风景区,喀什地区岳普湖县铁力木乡,4A,0.0,40,8
新疆库尔德宁旅游风景区,伊犁哈萨克自治州巩留县东南部山区（县城88公里）,4A,0.0,90,68
刀郎部落,阿克苏市阿瓦提县玉满甸口,4A,0.0,65,2
水磨沟,乌鲁木齐市水磨沟区水磨沟路472号,4A,4.0,1.5,44
五堡魔鬼城,哈密市五堡乡支边农场,4A,3.6,7,54
中华福寿山,新疆维吾尔自治区伊犁哈萨克自治州霍城县大西沟乡以北8公里,4A,0.0,52,6
塔里木胡杨林公园,巴音郭楞蒙古自治州轮台县轮南镇南沙漠公路,4A,0.0,40,64
惠远古城,伊犁哈萨克自治州霍城县,4A,3.7,6,48
天山神木园,阿克苏地区温宿县,4A,3.7,38,97
博斯腾湖南岸景区,新疆维吾尔自治区巴音郭楞蒙古自治州博湖县,4A,0.0,2,39
白沙湖,阿勒泰地区哈巴河县185团境内，距离县城108公里,5A,3.5,78,67
克州冰川公园,新疆维吾尔自治区阿克陶县奥依塔格镇皮拉力村,4A,0.0,44,95
湿地古杨风景区,伊犁哈萨克自治州尼勒克县县城西侧,4A,0.0,40,49
沙漠花海景区,阿克苏地区新和县塔什艾日克乡乔勒潘巴格村,4A,0.0,28,42
乌伦古湖,阿勒泰地区福海县,4A,3.6,19,76
新疆农业博览园,昌吉回族自治州昌吉市s231,4A,0.0,45,83
燕泉山,阿克苏地区乌什县公园路与燕山路交叉口西,4A,0.0,30,49
和静县巩乃斯景区班禅沟,新疆巴音郭楞蒙古自治州和静县，巴音布鲁克北100公里,4A,0.0,34,84
伊宁市城市海景,新疆维吾尔自治区伊犁哈萨克自治州伊宁市环城西路城,3A,3.5,240,78
西山老君庙,新疆省乌鲁木齐市西山西街533,4A,0.0,9,94
昭苏中央湿地公园,新疆维吾尔自治区昭苏县758县道17公里处,4A,0.0,38,80
乌尔禾影视城,克拉玛依市乌尔禾区白杨河大峡谷库克赛路北侧,3A,0.0,60,44
恰西风景区,伊犁州巩留东南部山区，距离县城78公里,3A,3.6,50,4
沙棘林湿地公园景区,阿克苏地区乌什县奥特贝希乡巴什阿克玛村,4A,0.0,23,76
巴楚县红海湾景区,喀什地区巴楚县阿纳库勒乡,4A,0.0,30,72
克孜尔千佛洞,阿克苏地区拜城县克孜尔乡东南约7公里木扎提河北岸明屋达格山断崖上,4A,4.2,3830,52
宗郎灵泉景区,在叶城的宗朗乡，而宗朗乡离叶城也就是新藏公路零公里处有４０多公里，宗朗灵泉离乡政府不足１０公里。,4A,0.0,23,65
锡伯民族博物院,新疆伊犁哈萨克州察布查尔县313省道牛录乡,4A,3.5,19.9,80
野核桃沟景区,伊犁州巩留县伊什格力克山北坡巩留核桃林场南侧，距县城直线约15公里,4A,0.0,51,44
科桑溶洞国家森林公园,新疆维吾尔自治区伊犁哈萨克自治州特克斯县,3A,0.0,6,52
克拉玛依河,新疆-克拉玛依,4A,3.5,6,31
